tanggal,pm25,pm25_lag1,pm25_lag2,pm25_lag3,pm25_lag4,pm25_lag5,pm25_lag6,pm25_lag7,pm25_lag8,pm25_lag10,pm25_lag14,pm25_lag21,pm25_roll7,pm25_roll14,month_sin,month_cos,pm10_lag1,so2_lag1,co_lag1,o3_lag1,no2_lag1
2021-01-22,112.0,44.0,45.0,42.0,49.0,75.0,92.0,82.0,78.0,51.0,55.0,58.0,61.285714285714285,59.642857142857146,0.49999999999999994,0.8660254037844387,46.0,12.0,9.0,67.0,13.0
2021-01-23,126.0,112.0,44.0,45.0,42.0,49.0,75.0,92.0,82.0,44.0,67.0,86.0,65.57142857142857,63.714285714285715,0.49999999999999994,0.8660254037844387,84.0,20.0,33.0,57.0,10.0
2021-01-24,90.0,126.0,112.0,44.0,45.0,42.0,49.0,75.0,92.0,78.0,39.0,93.0,70.42857142857143,67.92857142857143,0.49999999999999994,0.8660254037844387,89.0,19.0,42.0,64.0,13.0
2021-01-25,86.0,90.0,126.0,112.0,44.0,45.0,42.0,49.0,75.0,82.0,72.0,49.0,72.57142857142857,71.57142857142857,0.49999999999999994,0.8660254037844387,64.0,19.0,31.0,34.0,10.0
2021-01-26,79.0,86.0,90.0,126.0,112.0,44.0,45.0,42.0,49.0,92.0,51.0,89.0,77.85714285714286,72.57142857142857,0.49999999999999994,0.8660254037844387,62.0,14.0,26.0,134.0,14.0
2021-01-27,29.0,79.0,86.0,90.0,126.0,112.0,44.0,45.0,42.0,75.0,44.0,60.0,83.14285714285714,74.57142857142857,0.49999999999999994,0.8660254037844387,54.0,18.0,15.0,50.0,7.0
2021-01-28,49.0,29.0,79.0,86.0,90.0,126.0,112.0,44.0,45.0,49.0,78.0,50.0,80.85714285714286,73.5,0.49999999999999994,0.8660254037844387,21.0,25.0,7.0,63.0,5.0
2021-01-29,49.0,49.0,29.0,79.0,86.0,90.0,126.0,112.0,44.0,42.0,82.0,55.0,81.57142857142857,71.42857142857143,0.49999999999999994,0.8660254037844387,28.0,25.0,10.0,53.0,7.0
2021-01-30,39.0,49.0,49.0,29.0,79.0,86.0,90.0,126.0,112.0,45.0,92.0,67.0,72.57142857142857,69.07142857142857,0.49999999999999994,0.8660254037844387,28.0,26.0,7.0,65.0,9.0
2021-01-31,55.0,39.0,49.0,49.0,29.0,79.0,86.0,90.0,126.0,44.0,75.0,39.0,60.142857142857146,65.28571428571429,0.49999999999999994,0.8660254037844387,27.0,25.0,10.0,64.0,8.0
2021-02-01,126.0,55.0,39.0,49.0,49.0,29.0,79.0,86.0,90.0,112.0,49.0,72.0,55.142857142857146,63.857142857142854,0.8660254037844386,0.5000000000000001,38.0,24.0,11.0,68.0,7.0
2021-02-02,70.0,126.0,55.0,39.0,49.0,49.0,29.0,79.0,86.0,126.0,42.0,51.0,60.857142857142854,69.35714285714286,0.8660254037844386,0.5000000000000001,70.0,29.0,26.0,15.0,34.0
2021-02-03,53.0,70.0,126.0,55.0,39.0,49.0,49.0,29.0,79.0,90.0,45.0,44.0,59.57142857142857,71.35714285714286,0.8660254037844386,0.5000000000000001,53.0,25.0,10.0,27.0,14.0
2021-02-04,59.0,53.0,70.0,126.0,55.0,39.0,49.0,49.0,29.0,86.0,44.0,78.0,63.0,71.92857142857143,0.8660254037844386,0.5000000000000001,32.0,27.0,6.0,24.0,9.0
2021-02-05,51.0,59.0,53.0,70.0,126.0,55.0,39.0,49.0,49.0,79.0,112.0,82.0,64.42857142857143,73.0,0.8660254037844386,0.5000000000000001,32.0,28.0,9.0,14.0,17.0
2021-02-06,38.0,51.0,59.0,53.0,70.0,126.0,55.0,39.0,49.0,29.0,126.0,92.0,64.71428571428571,68.64285714285714,0.8660254037844386,0.5000000000000001,27.0,24.0,10.0,24.0,12.0
2021-02-07,30.0,38.0,51.0,59.0,53.0,70.0,126.0,55.0,39.0,49.0,90.0,75.0,64.57142857142857,62.357142857142854,0.8660254037844386,0.5000000000000001,30.0,37.0,10.75,57.0,9.0
2021-02-08,31.0,30.0,38.0,51.0,59.0,53.0,70.0,126.0,55.0,49.0,86.0,49.0,61.0,58.07142857142857,0.8660254037844386,0.5000000000000001,28.0,37.0,11.5,57.0,5.0
2021-02-09,57.0,31.0,30.0,38.0,51.0,59.0,53.0,70.0,126.0,39.0,79.0,42.0,47.42857142857143,54.142857142857146,0.8660254037844386,0.5000000000000001,26.0,37.0,12.25,54.0,12.0
2021-02-10,64.0,57.0,31.0,30.0,38.0,51.0,59.0,53.0,70.0,55.0,29.0,45.0,45.57142857142857,52.57142857142857,0.8660254037844386,0.5000000000000001,31.0,40.0,13.0,19.0,9.0
2021-02-11,57.0,64.0,57.0,31.0,30.0,38.0,51.0,59.0,53.0,126.0,49.0,44.0,47.142857142857146,55.07142857142857,0.8660254037844386,0.5000000000000001,50.0,24.0,11.0,23.0,10.0
2021-02-12,98.0,57.0,64.0,57.0,31.0,30.0,38.0,51.0,59.0,70.0,49.0,112.0,46.857142857142854,55.642857142857146,0.8660254037844386,0.5000000000000001,38.0,23.0,6.0,18.0,7.0
2021-02-13,89.0,98.0,57.0,64.0,57.0,31.0,30.0,38.0,51.0,53.0,39.0,126.0,53.57142857142857,59.142857142857146,0.8660254037844386,0.5000000000000001,63.0,25.0,13.0,20.0,8.0
2021-02-14,73.0,89.0,98.0,57.0,64.0,57.0,31.0,30.0,38.0,59.0,55.0,90.0,60.857142857142854,62.714285714285715,0.8660254037844386,0.5000000000000001,59.0,26.0,12.0,30.0,13.0
2021-02-15,66.0,73.0,89.0,98.0,57.0,64.0,57.0,31.0,30.0,51.0,126.0,86.0,67.0,64.0,0.8660254037844386,0.5000000000000001,55.0,25.0,11.0,35.0,13.0
2021-02-16,63.0,66.0,73.0,89.0,98.0,57.0,64.0,57.0,31.0,38.0,70.0,79.0,72.0,59.714285714285715,0.8660254037844386,0.5000000000000001,42.0,40.0,11.0,25.0,12.0
2021-02-17,71.0,63.0,66.0,73.0,89.0,98.0,57.0,64.0,57.0,30.0,53.0,29.0,72.85714285714286,59.214285714285715,0.8660254037844386,0.5000000000000001,43.0,40.0,11.0,23.0,13.0
2021-02-18,70.0,71.0,63.0,66.0,73.0,89.0,98.0,57.0,64.0,31.0,59.0,49.0,73.85714285714286,60.5,0.8660254037844386,0.5000000000000001,44.0,33.0,25.0,14.0,37.0
2021-02-19,52.0,70.0,71.0,63.0,66.0,73.0,89.0,98.0,57.0,57.0,51.0,49.0,75.71428571428571,61.285714285714285,0.8660254037844386,0.5000000000000001,53.0,28.0,8.0,26.0,12.0
2021-02-20,63.0,52.0,70.0,71.0,63.0,66.0,73.0,89.0,98.0,64.0,38.0,39.0,69.14285714285714,61.357142857142854,0.8660254037844386,0.5000000000000001,27.0,24.0,16.0,14.0,33.0
2021-02-21,52.0,63.0,52.0,70.0,71.0,63.0,66.0,73.0,89.0,57.0,30.0,55.0,65.42857142857143,63.142857142857146,0.8660254037844386,0.5000000000000001,33.0,39.0,12.0,24.0,12.0
2021-02-22,103.0,52.0,63.0,52.0,70.0,71.0,63.0,66.0,73.0,98.0,31.0,126.0,62.42857142857143,64.71428571428571,0.8660254037844386,0.5000000000000001,29.0,22.0,8.0,18.0,12.0
2021-02-23,90.0,103.0,52.0,63.0,52.0,70.0,71.0,63.0,66.0,89.0,57.0,70.0,67.71428571428571,69.85714285714286,0.8660254037844386,0.5000000000000001,68.0,26.0,22.0,30.0,14.0
2021-02-24,61.0,90.0,103.0,52.0,63.0,52.0,70.0,71.0,63.0,73.0,64.0,53.0,71.57142857142857,72.21428571428571,0.8660254037844386,0.5000000000000001,66.0,26.0,12.0,29.0,16.0
2021-02-25,54.0,61.0,90.0,103.0,52.0,63.0,52.0,70.0,71.0,66.0,57.0,59.0,70.14285714285714,72.0,0.8660254037844386,0.5000000000000001,42.0,39.0,9.0,13.0,6.0
2021-02-26,75.0,54.0,61.0,90.0,103.0,52.0,63.0,52.0,70.0,63.0,98.0,51.0,67.85714285714286,71.78571428571429,0.8660254037844386,0.5000000000000001,27.0,25.0,6.0,24.0,7.0
2021-02-27,94.0,75.0,54.0,61.0,90.0,103.0,52.0,63.0,52.0,71.0,89.0,38.0,71.14285714285714,70.14285714285714,0.8660254037844386,0.5000000000000001,48.0,39.0,11.0,23.0,13.0
2021-02-28,113.0,94.0,75.0,54.0,61.0,90.0,103.0,52.0,63.0,70.0,73.0,30.0,75.57142857142857,70.5,0.8660254037844386,0.5000000000000001,59.0,40.0,13.0,30.0,12.0
2021-03-01,97.0,113.0,94.0,75.0,54.0,61.0,90.0,103.0,52.0,52.0,66.0,31.0,84.28571428571429,73.35714285714286,1.0,6.123233995736766e-17,68.0,39.0,18.0,24.0,14.0
2021-03-02,81.0,97.0,113.0,94.0,75.0,54.0,61.0,90.0,103.0,63.0,63.0,57.0,83.42857142857143,75.57142857142857,1.0,6.123233995736766e-17,62.0,28.0,13.0,21.0,14.0
2021-03-03,83.0,81.0,97.0,113.0,94.0,75.0,54.0,61.0,90.0,52.0,71.0,64.0,82.14285714285714,76.85714285714286,1.0,6.123233995736766e-17,46.0,39.0,17.0,29.0,14.0
2021-03-04,103.0,83.0,81.0,97.0,113.0,94.0,75.0,54.0,61.0,103.0,70.0,57.0,85.28571428571429,77.71428571428571,1.0,6.123233995736766e-17,57.0,27.0,18.0,38.0,20.0
2021-03-05,81.0,103.0,83.0,81.0,97.0,113.0,94.0,75.0,54.0,90.0,52.0,98.0,92.28571428571429,80.07142857142857,1.0,6.123233995736766e-17,62.0,40.0,19.0,33.0,11.0
2021-03-06,95.0,81.0,103.0,83.0,81.0,97.0,113.0,94.0,75.0,61.0,63.0,89.0,93.14285714285714,82.14285714285714,1.0,6.123233995736766e-17,65.0,54.0,16.0,59.0,26.0
2021-03-07,103.0,95.0,81.0,103.0,83.0,81.0,97.0,113.0,94.0,54.0,52.0,73.0,93.28571428571429,84.42857142857143,1.0,6.123233995736766e-17,61.0,40.0,22.0,32.0,13.0
2021-03-08,81.0,103.0,95.0,81.0,103.0,83.0,81.0,97.0,113.0,75.0,103.0,66.0,91.85714285714286,88.07142857142857,1.0,6.123233995736766e-17,59.0,30.0,18.0,22.0,26.0
2021-03-09,63.0,81.0,103.0,95.0,81.0,103.0,83.0,81.0,97.0,94.0,90.0,63.0,89.57142857142857,86.5,1.0,6.123233995736766e-17,58.0,40.0,16.0,19.0,6.0
2021-03-10,91.0,63.0,81.0,103.0,95.0,81.0,103.0,83.0,81.0,113.0,61.0,71.0,87.0,84.57142857142857,1.0,6.123233995736766e-17,41.0,30.0,7.0,19.0,10.0
2021-03-11,53.0,91.0,63.0,81.0,103.0,95.0,81.0,103.0,83.0,97.0,54.0,70.0,88.14285714285714,86.71428571428571,1.0,6.123233995736766e-17,53.0,27.0,21.0,17.0,39.0
2021-03-12,99.0,53.0,91.0,63.0,81.0,103.0,95.0,81.0,103.0,81.0,75.0,52.0,81.0,86.64285714285714,1.0,6.123233995736766e-17,28.0,39.0,9.0,25.0,9.0
2021-03-13,72.0,99.0,53.0,91.0,63.0,81.0,103.0,95.0,81.0,83.0,94.0,63.0,83.57142857142857,88.35714285714286,1.0,6.123233995736766e-17,66.0,29.0,13.0,29.0,15.0
2021-03-14,73.0,72.0,99.0,53.0,91.0,63.0,81.0,103.0,95.0,103.0,113.0,52.0,80.28571428571429,86.78571428571429,1.0,6.123233995736766e-17,53.0,29.0,7.0,23.0,9.0
2021-03-15,92.0,73.0,72.0,99.0,53.0,91.0,63.0,81.0,103.0,81.0,97.0,103.0,76.0,83.92857142857143,1.0,6.123233995736766e-17,52.0,28.0,10.0,16.0,10.0
2021-03-16,101.0,92.0,73.0,72.0,99.0,53.0,91.0,63.0,81.0,95.0,81.0,90.0,77.57142857142857,83.57142857142857,1.0,6.123233995736766e-17,55.0,34.0,17.0,18.0,33.0
2021-03-17,123.0,101.0,92.0,73.0,72.0,99.0,53.0,91.0,63.0,103.0,83.0,61.0,83.0,85.0,1.0,6.123233995736766e-17,57.0,46.0,13.0,37.0,18.0
2021-03-18,125.0,123.0,101.0,92.0,73.0,72.0,99.0,53.0,91.0,81.0,103.0,54.0,87.57142857142857,87.85714285714286,1.0,6.123233995736766e-17,68.0,43.0,20.0,37.0,14.0
2021-03-19,96.0,125.0,123.0,101.0,92.0,73.0,72.0,99.0,53.0,63.0,81.0,75.0,97.85714285714286,89.42857142857143,1.0,6.123233995736766e-17,68.0,45.0,16.0,37.0,22.0
2021-03-20,106.0,96.0,125.0,123.0,101.0,92.0,73.0,72.0,99.0,91.0,95.0,94.0,97.42857142857143,90.5,1.0,6.123233995736766e-17,58.0,35.0,10.0,33.0,16.0
2021-03-21,118.0,106.0,96.0,125.0,123.0,101.0,92.0,73.0,72.0,53.0,103.0,113.0,102.28571428571429,91.28571428571429,1.0,6.123233995736766e-17,65.0,31.0,12.0,45.0,17.0
2021-03-22,93.0,118.0,106.0,96.0,125.0,123.0,101.0,92.0,73.0,99.0,81.0,97.0,108.71428571428571,92.35714285714286,1.0,6.123233995736766e-17,81.0,27.0,15.0,37.0,16.0
2021-03-23,77.0,93.0,118.0,106.0,96.0,125.0,123.0,101.0,92.0,72.0,63.0,81.0,108.85714285714286,93.21428571428571,1.0,6.123233995736766e-17,62.0,26.0,15.0,36.0,10.0
2021-03-24,64.0,77.0,93.0,118.0,106.0,96.0,125.0,123.0,101.0,73.0,91.0,83.0,105.42857142857143,94.21428571428571,1.0,6.123233995736766e-17,51.0,26.0,9.0,27.0,8.0
2021-03-25,68.0,64.0,77.0,93.0,118.0,106.0,96.0,125.0,123.0,92.0,53.0,103.0,97.0,92.28571428571429,1.0,6.123233995736766e-17,43.0,26.0,6.0,27.0,8.0
2021-03-26,83.0,68.0,64.0,77.0,93.0,118.0,106.0,96.0,125.0,101.0,99.0,81.0,88.85714285714286,93.35714285714286,1.0,6.123233995736766e-17,36.0,41.0,8.0,19.0,12.0
2021-03-27,91.0,83.0,68.0,64.0,77.0,93.0,118.0,106.0,96.0,123.0,72.0,95.0,87.0,92.21428571428571,1.0,6.123233995736766e-17,52.0,42.0,17.0,31.0,16.0
2021-03-28,78.0,91.0,83.0,68.0,64.0,77.0,93.0,118.0,106.0,125.0,73.0,103.0,84.85714285714286,93.57142857142857,1.0,6.123233995736766e-17,58.0,43.0,13.0,35.0,20.0
2021-03-29,91.0,78.0,91.0,83.0,68.0,64.0,77.0,93.0,118.0,96.0,92.0,81.0,79.14285714285714,93.92857142857143,1.0,6.123233995736766e-17,50.0,22.0,12.0,34.0,19.0
2021-03-30,76.0,91.0,78.0,91.0,83.0,68.0,64.0,77.0,93.0,106.0,101.0,63.0,78.85714285714286,93.85714285714286,1.0,6.123233995736766e-17,54.0,21.0,17.0,29.0,26.0
2021-03-31,69.0,76.0,91.0,78.0,91.0,83.0,68.0,64.0,77.0,118.0,123.0,91.0,78.71428571428571,92.07142857142857,1.0,6.123233995736766e-17,41.0,42.0,14.0,21.0,25.0
2021-04-01,52.0,69.0,76.0,91.0,78.0,91.0,83.0,68.0,64.0,93.0,125.0,53.0,79.42857142857143,88.21428571428571,0.8660254037844387,-0.4999999999999998,48.0,43.0,12.0,25.0,18.0
2021-04-02,70.0,52.0,69.0,76.0,91.0,78.0,91.0,83.0,68.0,77.0,96.0,99.0,77.14285714285714,83.0,0.8660254037844387,-0.4999999999999998,28.0,26.0,5.0,35.0,7.0
2021-04-03,67.0,70.0,52.0,69.0,76.0,91.0,78.0,91.0,83.0,64.0,106.0,72.0,75.28571428571429,81.14285714285714,0.8660254037844387,-0.4999999999999998,51.0,33.0,8.0,37.0,10.0
2021-04-04,103.0,67.0,70.0,52.0,69.0,76.0,91.0,78.0,91.0,68.0,118.0,73.0,71.85714285714286,78.35714285714286,0.8660254037844387,-0.4999999999999998,39.0,42.0,9.0,22.0,14.0
2021-04-05,85.0,103.0,67.0,70.0,52.0,69.0,76.0,91.0,78.0,83.0,93.0,92.0,75.42857142857143,77.28571428571429,0.8660254037844387,-0.4999999999999998,68.0,29.0,28.0,26.666666666666668,28.0
2021-04-06,61.0,85.0,103.0,67.0,70.0,52.0,69.0,76.0,91.0,91.0,77.0,101.0,74.57142857142857,76.71428571428571,0.8660254037844387,-0.4999999999999998,61.0,30.0,11.0,31.333333333333336,17.0
2021-04-07,52.0,61.0,85.0,103.0,67.0,70.0,52.0,69.0,76.0,78.0,64.0,123.0,72.42857142857143,75.57142857142857,0.8660254037844387,-0.4999999999999998,43.0,32.0,10.0,36.0,15.0
2021-04-08,57.0,52.0,61.0,85.0,103.0,67.0,70.0,52.0,69.0,91.0,68.0,125.0,70.0,74.71428571428571,0.8660254037844387,-0.4999999999999998,30.0,33.0,9.0,43.0,8.0
2021-04-09,77.0,57.0,52.0,61.0,85.0,103.0,67.0,70.0,52.0,76.0,83.0,96.0,70.71428571428571,73.92857142857143,0.8660254037844387,-0.4999999999999998,39.0,34.0,10.0,40.0,14.0
2021-04-10,101.0,77.0,57.0,52.0,61.0,85.0,103.0,67.0,70.0,69.0,91.0,106.0,71.71428571428571,73.5,0.8660254037844387,-0.4999999999999998,52.0,34.0,7.0,18.0,21.0
2021-04-11,108.0,101.0,77.0,57.0,52.0,61.0,85.0,103.0,67.0,52.0,78.0,118.0,76.57142857142857,74.21428571428571,0.8660254037844387,-0.4999999999999998,64.0,25.0,16.0,26.5,18.0
2021-04-12,93.0,108.0,101.0,77.0,57.0,52.0,61.0,85.0,103.0,70.0,91.0,93.0,77.28571428571429,76.35714285714286,0.8660254037844387,-0.4999999999999998,66.0,47.0,18.0,35.0,24.0
2021-04-13,82.0,93.0,108.0,101.0,77.0,57.0,52.0,61.0,85.0,67.0,76.0,77.0,78.42857142857143,76.5,0.8660254037844387,-0.4999999999999998,69.0,51.0,20.0,54.0,23.0
2021-04-14,81.0,82.0,93.0,108.0,101.0,77.0,57.0,52.0,61.0,103.0,69.0,64.0,81.42857142857143,76.92857142857143,0.8660254037844387,-0.4999999999999998,70.0,63.0,14.0,64.0,21.0
2021-04-15,88.0,81.0,82.0,93.0,108.0,101.0,77.0,57.0,52.0,85.0,52.0,68.0,85.57142857142857,77.78571428571429,0.8660254037844387,-0.4999999999999998,65.0,55.0,16.0,65.0,22.0
2021-04-16,94.0,88.0,81.0,82.0,93.0,108.0,101.0,77.0,57.0,61.0,70.0,83.0,90.0,80.35714285714286,0.8660254037844387,-0.4999999999999998,54.0,23.0,24.0,30.0,42.0
2021-04-17,118.0,94.0,88.0,81.0,82.0,93.0,108.0,101.0,77.0,52.0,67.0,91.0,92.42857142857143,82.07142857142857,0.8660254037844387,-0.4999999999999998,69.0,55.0,17.0,50.0,28.0
2021-04-18,93.0,118.0,94.0,88.0,81.0,82.0,93.0,108.0,101.0,57.0,103.0,78.0,94.85714285714286,85.71428571428571,0.8660254037844387,-0.4999999999999998,67.0,29.0,16.0,28.0,31.0
2021-04-19,108.0,93.0,118.0,94.0,88.0,81.0,82.0,93.0,108.0,77.0,85.0,91.0,92.71428571428571,85.0,0.8660254037844387,-0.4999999999999998,55.0,29.0,11.0,32.0,16.0
2021-04-20,94.0,108.0,93.0,118.0,94.0,88.0,81.0,82.0,93.0,101.0,61.0,76.0,94.85714285714286,86.64285714285714,0.8660254037844387,-0.4999999999999998,62.0,32.0,13.0,32.0,19.0
2021-04-21,105.0,94.0,108.0,93.0,118.0,94.0,88.0,81.0,82.0,108.0,52.0,69.0,96.57142857142857,89.0,0.8660254037844387,-0.4999999999999998,64.0,52.0,14.0,55.0,18.0
2021-04-22,99.0,105.0,94.0,108.0,93.0,118.0,94.0,88.0,81.0,93.0,57.0,52.0,100.0,92.78571428571429,0.8660254037844387,-0.4999999999999998,62.0,25.0,15.0,25.0,25.0
2021-04-23,112.0,99.0,105.0,94.0,108.0,93.0,118.0,94.0,88.0,82.0,77.0,70.0,101.57142857142857,95.78571428571429,0.8660254037844387,-0.4999999999999998,60.0,45.0,10.0,34.0,17.0
2021-04-24,115.0,112.0,99.0,105.0,94.0,108.0,93.0,118.0,94.0,81.0,101.0,67.0,104.14285714285714,98.28571428571429,0.8660254037844387,-0.4999999999999998,67.0,19.0,13.0,31.0,24.0
2021-04-25,116.0,115.0,112.0,99.0,105.0,94.0,108.0,93.0,118.0,88.0,108.0,103.0,103.71428571428571,99.28571428571429,0.8660254037844387,-0.4999999999999998,88.0,61.0,17.0,73.0,25.0
2021-04-26,117.0,116.0,115.0,112.0,99.0,105.0,94.0,108.0,93.0,94.0,93.0,85.0,107.0,99.85714285714286,0.8660254037844387,-0.4999999999999998,73.0,37.0,17.0,20.0,17.0
2021-04-27,138.0,117.0,116.0,115.0,112.0,99.0,105.0,94.0,108.0,118.0,82.0,61.0,108.28571428571429,101.57142857142857,0.8660254037844387,-0.4999999999999998,64.0,37.0,11.0,22.0,14.0
2021-04-28,94.0,138.0,117.0,116.0,115.0,112.0,99.0,105.0,94.0,93.0,81.0,52.0,114.57142857142857,105.57142857142857,0.8660254037844387,-0.4999999999999998,75.0,38.0,11.0,27.0,13.0
2021-04-29,85.0,94.0,138.0,117.0,116.0,115.0,112.0,99.0,105.0,108.0,88.0,57.0,113.0,106.5,0.8660254037844387,-0.4999999999999998,55.0,37.0,9.0,28.0,17.0
2021-04-30,91.0,85.0,94.0,138.0,117.0,116.0,115.0,112.0,99.0,94.0,94.0,77.0,111.0,106.28571428571429,0.8660254037844387,-0.4999999999999998,69.0,60.0,15.0,44.0,26.0
2021-05-01,102.0,91.0,85.0,94.0,138.0,117.0,116.0,115.0,112.0,105.0,118.0,101.0,108.0,106.07142857142857,0.49999999999999994,-0.8660254037844387,71.0,57.0,14.0,55.0,21.0
2021-05-02,89.0,102.0,91.0,85.0,94.0,138.0,117.0,116.0,115.0,99.0,93.0,108.0,106.14285714285714,104.92857142857143,0.49999999999999994,-0.8660254037844387,66.0,13.0,15.0,38.5,20.0
2021-05-03,95.0,89.0,102.0,91.0,85.0,94.0,138.0,117.0,116.0,112.0,108.0,93.0,102.28571428571429,104.64285714285714,0.49999999999999994,-0.8660254037844387,54.0,38.0,15.0,22.0,10.0
2021-05-04,113.0,95.0,89.0,102.0,91.0,85.0,94.0,138.0,117.0,115.0,94.0,82.0,99.14285714285714,103.71428571428571,0.49999999999999994,-0.8660254037844387,61.0,39.0,15.0,22.0,12.0
2021-05-05,117.0,113.0,95.0,89.0,102.0,91.0,85.0,94.0,138.0,116.0,105.0,81.0,95.57142857142857,105.07142857142857,0.49999999999999994,-0.8660254037844387,74.0,41.0,15.0,17.0,13.0
2021-05-06,77.0,117.0,113.0,95.0,89.0,102.0,91.0,85.0,94.0,117.0,99.0,88.0,98.85714285714286,105.92857142857143,0.49999999999999994,-0.8660254037844387,73.0,38.0,20.0,21.0,21.0
2021-05-07,69.0,77.0,117.0,113.0,95.0,89.0,102.0,91.0,85.0,138.0,112.0,94.0,97.71428571428571,104.35714285714286,0.49999999999999994,-0.8660254037844387,54.0,37.0,7.0,27.0,16.0
2021-05-08,87.0,69.0,77.0,117.0,113.0,95.0,89.0,102.0,91.0,94.0,115.0,118.0,94.57142857142857,101.28571428571429,0.49999999999999994,-0.8660254037844387,39.0,19.0,15.0,151.0,20.0
2021-05-09,66.0,87.0,69.0,77.0,117.0,113.0,95.0,89.0,102.0,85.0,116.0,93.0,92.42857142857143,99.28571428571429,0.49999999999999994,-0.8660254037844387,56.0,39.0,9.0,29.0,15.0
2021-05-10,76.0,66.0,87.0,69.0,77.0,117.0,113.0,95.0,89.0,91.0,117.0,108.0,89.14285714285714,95.71428571428571,0.49999999999999994,-0.8660254037844387,46.0,37.0,6.0,31.0,11.0
2021-05-11,102.0,76.0,66.0,87.0,69.0,77.0,117.0,113.0,95.0,102.0,138.0,94.0,86.42857142857143,92.78571428571429,0.49999999999999994,-0.8660254037844387,46.0,22.0,8.0,66.0,13.0
2021-05-12,105.0,102.0,76.0,66.0,87.0,69.0,77.0,117.0,113.0,89.0,94.0,105.0,84.85714285714286,90.21428571428571,0.49999999999999994,-0.8660254037844387,65.0,38.0,8.0,31.0,11.0
2021-05-13,115.0,105.0,102.0,76.0,66.0,87.0,69.0,77.0,117.0,95.0,85.0,99.0,83.14285714285714,91.0,0.49999999999999994,-0.8660254037844387,67.0,37.0,9.0,27.0,11.0
2021-05-14,81.0,115.0,105.0,102.0,76.0,66.0,87.0,69.0,77.0,113.0,91.0,112.0,88.57142857142857,93.14285714285714,0.49999999999999994,-0.8660254037844387,65.0,25.0,14.0,31.0,13.0
2021-05-15,89.0,81.0,115.0,105.0,102.0,76.0,66.0,87.0,69.0,117.0,102.0,115.0,90.28571428571429,92.42857142857143,0.49999999999999994,-0.8660254037844387,51.0,25.0,7.0,32.0,6.0
2021-05-16,92.0,89.0,81.0,115.0,105.0,102.0,76.0,66.0,87.0,77.0,89.0,116.0,90.57142857142857,91.5,0.49999999999999994,-0.8660254037844387,62.0,38.0,8.0,16.0,13.0
2021-05-17,75.0,92.0,89.0,81.0,115.0,105.0,102.0,76.0,66.0,69.0,95.0,117.0,94.28571428571429,91.71428571428571,0.49999999999999994,-0.8660254037844387,54.0,37.0,9.0,25.0,15.0
2021-05-18,58.0,75.0,92.0,89.0,81.0,115.0,105.0,102.0,76.0,87.0,113.0,138.0,94.14285714285714,90.28571428571429,0.49999999999999994,-0.8660254037844387,45.0,22.0,10.0,29.0,13.0
2021-05-19,99.0,58.0,75.0,92.0,89.0,81.0,115.0,105.0,102.0,66.0,117.0,94.0,87.85714285714286,86.35714285714286,0.49999999999999994,-0.8660254037844387,53.0,43.0,6.0,25.0,4.0
2021-05-20,103.0,99.0,58.0,75.0,92.0,89.0,81.0,115.0,105.0,76.0,77.0,85.0,87.0,85.07142857142857,0.49999999999999994,-0.8660254037844387,61.0,39.0,10.0,25.0,23.0
2021-05-21,95.0,103.0,99.0,58.0,75.0,92.0,89.0,81.0,115.0,102.0,69.0,91.0,85.28571428571429,86.92857142857143,0.49999999999999994,-0.8660254037844387,60.0,36.0,9.0,29.0,19.0
2021-05-22,90.0,95.0,103.0,99.0,58.0,75.0,92.0,89.0,81.0,105.0,87.0,102.0,87.28571428571429,88.78571428571429,0.49999999999999994,-0.8660254037844387,55.0,37.0,9.0,27.0,20.0
2021-05-23,109.0,90.0,95.0,103.0,99.0,58.0,75.0,92.0,89.0,115.0,66.0,89.0,87.42857142857143,89.0,0.49999999999999994,-0.8660254037844387,64.0,62.0,15.0,66.0,28.0
2021-05-24,118.0,109.0,90.0,95.0,103.0,99.0,58.0,75.0,92.0,81.0,76.0,95.0,89.85714285714286,92.07142857142857,0.49999999999999994,-0.8660254037844387,63.0,24.0,23.0,27.0,40.0
2021-05-25,70.0,118.0,109.0,90.0,95.0,103.0,99.0,58.0,75.0,89.0,102.0,113.0,96.0,95.07142857142857,0.49999999999999994,-0.8660254037844387,72.0,57.0,26.0,33.0,24.0
2021-05-26,93.0,70.0,118.0,109.0,90.0,95.0,103.0,99.0,58.0,92.0,105.0,117.0,97.71428571428571,92.78571428571429,0.49999999999999994,-0.8660254037844387,44.0,24.0,9.0,30.0,22.0
2021-05-27,79.0,93.0,70.0,118.0,109.0,90.0,95.0,103.0,99.0,75.0,115.0,77.0,96.85714285714286,91.92857142857143,0.49999999999999994,-0.8660254037844387,55.0,38.0,9.0,28.0,20.0
2021-05-28,93.0,79.0,93.0,70.0,118.0,109.0,90.0,95.0,103.0,58.0,81.0,69.0,93.42857142857143,89.35714285714286,0.49999999999999994,-0.8660254037844387,50.0,41.0,6.0,26.0,18.0
2021-05-29,91.0,93.0,79.0,93.0,70.0,118.0,109.0,90.0,95.0,99.0,89.0,87.0,93.14285714285714,90.21428571428571,0.49999999999999994,-0.8660254037844387,56.0,40.0,11.0,26.0,20.0
2021-05-30,72.0,91.0,93.0,79.0,93.0,70.0,118.0,109.0,90.0,103.0,92.0,66.0,93.28571428571429,90.35714285714286,0.49999999999999994,-0.8660254037844387,57.0,40.0,10.0,29.0,26.0
2021-05-31,93.0,72.0,91.0,93.0,79.0,93.0,70.0,118.0,109.0,95.0,75.0,76.0,88.0,88.92857142857143,0.49999999999999994,-0.8660254037844387,47.0,41.0,15.0,26.0,23.0
2021-06-01,105.0,93.0,72.0,91.0,93.0,79.0,93.0,70.0,118.0,90.0,58.0,102.0,84.42857142857143,90.21428571428571,1.2246467991473532e-16,-1.0,59.0,41.0,9.0,37.0,24.0
2021-06-02,100.0,105.0,93.0,72.0,91.0,93.0,79.0,93.0,70.0,109.0,99.0,105.0,89.42857142857143,93.57142857142857,1.2246467991473532e-16,-1.0,73.0,43.0,12.0,36.5,22.0
2021-06-03,93.0,100.0,105.0,93.0,72.0,91.0,93.0,79.0,93.0,118.0,103.0,115.0,90.42857142857143,93.64285714285714,1.2246467991473532e-16,-1.0,63.0,41.0,14.0,36.0,21.0
2021-06-04,100.0,93.0,100.0,105.0,93.0,72.0,91.0,93.0,79.0,70.0,95.0,81.0,92.42857142857143,92.92857142857143,1.2246467991473532e-16,-1.0,68.0,57.0,16.0,61.0,32.0
2021-06-05,93.0,100.0,93.0,100.0,105.0,93.0,72.0,91.0,93.0,93.0,90.0,89.0,93.42857142857143,93.28571428571429,1.2246467991473532e-16,-1.0,62.0,43.0,7.0,41.0,17.0
2021-06-06,95.0,93.0,100.0,93.0,100.0,105.0,93.0,72.0,91.0,79.0,109.0,92.0,93.71428571428571,93.5,1.2246467991473532e-16,-1.0,57.0,41.0,11.0,36.0,23.0
2021-06-07,86.0,95.0,93.0,100.0,93.0,100.0,105.0,93.0,72.0,93.0,118.0,75.0,97.0,92.5,1.2246467991473532e-16,-1.0,63.0,45.0,11.0,26.0,19.0
2021-06-08,103.0,86.0,95.0,93.0,100.0,93.0,100.0,105.0,93.0,91.0,70.0,58.0,96.0,90.21428571428571,1.2246467991473532e-16,-1.0,50.0,41.0,9.0,37.0,21.0
2021-06-09,108.0,103.0,86.0,95.0,93.0,100.0,93.0,100.0,105.0,72.0,93.0,99.0,95.71428571428571,92.57142857142857,1.2246467991473532e-16,-1.0,62.0,44.0,9.0,30.0,29.0
2021-06-10,108.0,108.0,103.0,86.0,95.0,93.0,100.0,93.0,100.0,93.0,79.0,103.0,96.85714285714286,93.64285714285714,1.2246467991473532e-16,-1.0,68.0,43.0,9.0,27.0,28.0
2021-06-11,99.0,108.0,108.0,103.0,86.0,95.0,93.0,100.0,93.0,105.0,93.0,95.0,99.0,95.71428571428571,1.2246467991473532e-16,-1.0,68.0,37.0,9.0,32.0,28.0
2021-06-12,93.0,99.0,108.0,108.0,103.0,86.0,95.0,93.0,100.0,100.0,91.0,90.0,98.85714285714286,96.14285714285714,1.2246467991473532e-16,-1.0,64.0,32.0,9.0,35.0,26.0
2021-06-13,80.0,93.0,99.0,108.0,108.0,103.0,86.0,95.0,93.0,93.0,72.0,109.0,98.85714285714286,96.28571428571429,1.2246467991473532e-16,-1.0,55.0,27.0,13.0,30.0,24.0
2021-06-14,103.0,80.0,93.0,99.0,108.0,108.0,103.0,86.0,95.0,100.0,93.0,118.0,96.71428571428571,96.85714285714286,1.2246467991473532e-16,-1.0,49.0,36.0,12.0,32.0,23.0
2021-06-15,114.0,103.0,80.0,93.0,99.0,108.0,108.0,103.0,86.0,93.0,105.0,70.0,99.14285714285714,97.57142857142857,1.2246467991473532e-16,-1.0,63.0,35.0,13.0,28.0,21.0
2021-06-16,97.0,114.0,103.0,80.0,93.0,99.0,108.0,108.0,103.0,95.0,100.0,93.0,100.71428571428571,98.21428571428571,1.2246467991473532e-16,-1.0,73.0,52.0,9.0,24.0,21.0
2021-06-17,102.0,97.0,114.0,103.0,80.0,93.0,99.0,108.0,108.0,86.0,93.0,79.0,99.14285714285714,98.0,1.2246467991473532e-16,-1.0,58.0,28.0,25.0,9.0,55.0
2021-06-18,102.0,102.0,97.0,114.0,103.0,80.0,93.0,99.0,108.0,103.0,100.0,93.0,98.28571428571429,98.64285714285714,1.2246467991473532e-16,-1.0,64.0,35.0,28.0,20.0,28.0
2021-06-19,102.0,102.0,102.0,97.0,114.0,103.0,80.0,93.0,99.0,108.0,93.0,91.0,98.71428571428571,98.78571428571429,1.2246467991473532e-16,-1.0,67.0,38.0,19.0,18.0,24.0
2021-06-20,140.0,102.0,102.0,102.0,97.0,114.0,103.0,80.0,93.0,108.0,95.0,72.0,100.0,99.42857142857143,1.2246467991473532e-16,-1.0,56.0,31.0,19.0,15.0,31.0
2021-06-21,90.0,140.0,102.0,102.0,102.0,97.0,114.0,103.0,80.0,99.0,86.0,93.0,108.57142857142857,102.64285714285714,1.2246467991473532e-16,-1.0,74.0,36.0,22.0,20.0,26.0
2021-06-22,84.0,90.0,140.0,102.0,102.0,102.0,97.0,114.0,103.0,93.0,103.0,105.0,106.71428571428571,102.92857142857143,1.2246467991473532e-16,-1.0,51.0,29.0,14.0,19.0,21.0
2021-06-23,107.0,84.0,90.0,140.0,102.0,102.0,102.0,97.0,114.0,80.0,108.0,100.0,102.42857142857143,101.57142857142857,1.2246467991473532e-16,-1.0,47.0,33.0,16.0,21.0,22.0
2021-06-24,119.0,107.0,84.0,90.0,140.0,102.0,102.0,102.0,97.0,103.0,108.0,93.0,103.85714285714286,101.5,1.2246467991473532e-16,-1.0,58.0,38.0,14.0,23.0,25.0
2021-06-25,147.0,119.0,107.0,84.0,90.0,140.0,102.0,102.0,102.0,114.0,99.0,100.0,106.28571428571429,102.28571428571429,1.2246467991473532e-16,-1.0,66.0,37.0,15.0,16.0,27.0
2021-06-26,118.0,147.0,119.0,107.0,84.0,90.0,140.0,102.0,102.0,97.0,93.0,93.0,112.71428571428571,105.71428571428571,1.2246467991473532e-16,-1.0,82.0,39.0,18.0,20.0,24.0
2021-06-27,134.0,118.0,147.0,119.0,107.0,84.0,90.0,140.0,102.0,102.0,80.0,95.0,115.0,107.5,1.2246467991473532e-16,-1.0,67.0,36.0,10.0,26.0,18.0
2021-06-28,117.0,134.0,118.0,147.0,119.0,107.0,84.0,90.0,140.0,102.0,103.0,86.0,114.14285714285714,111.35714285714286,1.2246467991473532e-16,-1.0,72.0,34.0,18.0,29.0,22.0
2021-06-29,128.0,117.0,134.0,118.0,147.0,119.0,107.0,84.0,90.0,102.0,114.0,103.0,118.0,112.35714285714286,1.2246467991473532e-16,-1.0,60.0,36.0,18.0,30.0,22.0
2021-06-30,125.0,128.0,117.0,134.0,118.0,147.0,119.0,107.0,84.0,140.0,97.0,108.0,124.28571428571429,113.35714285714286,1.2246467991473532e-16,-1.0,72.0,35.0,24.0,21.0,50.0
2021-07-01,114.0,125.0,128.0,117.0,134.0,118.0,147.0,119.0,107.0,90.0,102.0,108.0,126.85714285714286,115.35714285714286,-0.4999999999999997,-0.8660254037844388,65.0,36.0,14.0,21.0,29.0
2021-07-02,108.0,114.0,125.0,128.0,117.0,134.0,118.0,147.0,119.0,84.0,102.0,99.0,126.14285714285714,116.21428571428571,-0.4999999999999997,-0.8660254037844388,62.0,37.0,13.0,23.0,27.0
2021-07-03,141.0,108.0,114.0,125.0,128.0,117.0,134.0,118.0,147.0,107.0,102.0,93.0,120.57142857142857,116.64285714285714,-0.4999999999999997,-0.8660254037844388,59.0,40.0,10.0,18.0,23.0
2021-07-04,161.0,141.0,108.0,114.0,125.0,128.0,117.0,134.0,118.0,119.0,140.0,80.0,123.85714285714286,119.42857142857143,-0.4999999999999997,-0.8660254037844388,72.0,37.0,13.0,25.0,20.0
2021-07-05,153.0,161.0,141.0,108.0,114.0,125.0,128.0,117.0,134.0,147.0,90.0,103.0,127.71428571428571,120.92857142857143,-0.4999999999999997,-0.8660254037844388,84.0,38.0,14.0,27.0,22.0
2021-07-06,102.0,153.0,161.0,141.0,108.0,114.0,125.0,128.0,117.0,118.0,84.0,114.0,132.85714285714286,125.42857142857143,-0.4999999999999997,-0.8660254037844388,83.0,39.0,13.0,31.0,26.0
2021-07-07,130.0,102.0,153.0,161.0,141.0,108.0,114.0,125.0,128.0,134.0,107.0,97.0,129.14285714285714,126.71428571428571,-0.4999999999999997,-0.8660254037844388,68.0,44.0,7.0,32.0,16.0
2021-07-08,145.0,130.0,102.0,153.0,161.0,141.0,108.0,114.0,125.0,117.0,119.0,102.0,129.85714285714286,128.35714285714286,-0.4999999999999997,-0.8660254037844388,69.0,40.0,12.0,26.0,26.0
2021-07-09,156.0,145.0,130.0,102.0,153.0,161.0,141.0,108.0,114.0,128.0,147.0,102.0,134.28571428571428,130.21428571428572,-0.4999999999999997,-0.8660254037844388,74.0,40.0,10.0,29.0,25.0
2021-07-10,132.0,156.0,145.0,130.0,102.0,153.0,161.0,141.0,108.0,125.0,118.0,102.0,141.14285714285714,130.85714285714286,-0.4999999999999997,-0.8660254037844388,87.0,42.0,11.0,30.0,25.0
2021-07-11,119.0,132.0,156.0,145.0,130.0,102.0,153.0,161.0,141.0,114.0,134.0,140.0,139.85714285714286,131.85714285714286,-0.4999999999999997,-0.8660254037844388,71.0,45.0,9.0,29.0,21.0
2021-07-12,119.0,119.0,132.0,156.0,145.0,130.0,102.0,153.0,161.0,108.0,117.0,90.0,133.85714285714286,130.78571428571428,-0.4999999999999997,-0.8660254037844388,66.0,39.0,10.0,21.0,17.0
2021-07-13,119.0,119.0,119.0,132.0,156.0,145.0,130.0,102.0,153.0,141.0,128.0,84.0,129.0,130.92857142857142,-0.4999999999999997,-0.8660254037844388,64.0,52.0,9.0,44.0,13.0
2021-07-14,116.0,119.0,119.0,119.0,132.0,156.0,145.0,130.0,102.0,161.0,125.0,107.0,131.42857142857142,130.28571428571428,-0.4999999999999997,-0.8660254037844388,78.0,54.0,11.0,43.0,23.0
2021-07-15,174.0,116.0,119.0,119.0,119.0,132.0,156.0,145.0,130.0,153.0,114.0,119.0,129.42857142857142,129.64285714285714,-0.4999999999999997,-0.8660254037844388,57.0,39.0,13.0,20.0,26.0
2021-07-16,138.0,174.0,116.0,119.0,119.0,119.0,132.0,156.0,145.0,102.0,108.0,147.0,133.57142857142858,133.92857142857142,-0.4999999999999997,-0.8660254037844388,95.0,40.0,15.0,22.0,24.0
2021-07-17,134.0,138.0,174.0,116.0,119.0,119.0,119.0,132.0,156.0,130.0,141.0,118.0,131.0,136.07142857142858,-0.4999999999999997,-0.8660254037844388,71.0,37.0,11.0,24.0,29.0
2021-07-18,150.0,134.0,138.0,174.0,116.0,119.0,119.0,119.0,132.0,145.0,161.0,134.0,131.28571428571428,135.57142857142858,-0.4999999999999997,-0.8660254037844388,73.0,35.0,9.0,26.0,19.0
2021-07-19,140.0,150.0,134.0,138.0,174.0,116.0,119.0,119.0,119.0,156.0,153.0,117.0,135.71428571428572,134.78571428571428,-0.4999999999999997,-0.8660254037844388,75.0,37.0,12.0,32.0,22.0
2021-07-20,147.0,140.0,150.0,134.0,138.0,174.0,116.0,119.0,119.0,132.0,102.0,128.0,138.71428571428572,133.85714285714286,-0.4999999999999997,-0.8660254037844388,74.0,36.0,11.0,32.0,21.0
2021-07-21,102.0,147.0,140.0,150.0,134.0,138.0,174.0,116.0,119.0,119.0,130.0,125.0,142.71428571428572,137.07142857142858,-0.4999999999999997,-0.8660254037844388,80.0,38.0,13.0,26.0,21.0
2021-07-22,110.0,102.0,147.0,140.0,150.0,134.0,138.0,174.0,116.0,119.0,145.0,114.0,140.71428571428572,135.07142857142858,-0.4999999999999997,-0.8660254037844388,55.0,36.0,9.0,30.0,18.0
2021-07-23,104.0,110.0,102.0,147.0,140.0,150.0,134.0,138.0,174.0,119.0,156.0,108.0,131.57142857142858,132.57142857142858,-0.4999999999999997,-0.8660254037844388,57.0,39.0,9.0,28.0,26.0
2021-07-24,104.0,104.0,110.0,102.0,147.0,140.0,150.0,134.0,138.0,116.0,132.0,141.0,126.71428571428571,128.85714285714286,-0.4999999999999997,-0.8660254037844388,56.0,36.0,10.0,35.0,25.0
2021-07-25,148.0,104.0,104.0,110.0,102.0,147.0,140.0,150.0,134.0,174.0,119.0,161.0,122.42857142857143,126.85714285714286,-0.4999999999999997,-0.8660254037844388,56.0,37.0,12.0,27.0,25.0
2021-07-26,131.0,148.0,104.0,104.0,110.0,102.0,147.0,140.0,150.0,138.0,119.0,153.0,122.14285714285714,128.92857142857142,-0.4999999999999997,-0.8660254037844388,81.0,38.0,22.0,28.0,24.0
2021-07-27,140.0,131.0,148.0,104.0,104.0,110.0,102.0,147.0,140.0,134.0,119.0,102.0,120.85714285714286,129.78571428571428,-0.4999999999999997,-0.8660254037844388,68.0,39.0,14.0,24.0,25.0
2021-07-28,145.0,140.0,131.0,148.0,104.0,104.0,110.0,102.0,147.0,150.0,116.0,130.0,119.85714285714286,131.28571428571428,-0.4999999999999997,-0.8660254037844388,71.0,40.0,12.0,24.0,26.0
2021-07-29,140.0,145.0,140.0,131.0,148.0,104.0,104.0,110.0,102.0,140.0,174.0,145.0,126.0,133.35714285714286,-0.4999999999999997,-0.8660254037844388,73.0,39.0,14.0,24.0,27.0
2021-07-30,154.0,140.0,145.0,140.0,131.0,148.0,104.0,104.0,110.0,147.0,138.0,156.0,130.28571428571428,130.92857142857142,-0.4999999999999997,-0.8660254037844388,78.0,32.0,18.0,29.0,39.0
2021-07-31,100.0,154.0,140.0,145.0,140.0,131.0,148.0,104.0,104.0,102.0,134.0,132.0,137.42857142857142,132.07142857142858,-0.4999999999999997,-0.8660254037844388,83.0,39.0,15.0,37.0,34.0
2021-08-01,86.0,100.0,154.0,140.0,145.0,140.0,131.0,148.0,104.0,110.0,150.0,119.0,136.85714285714286,129.64285714285714,-0.8660254037844384,-0.5000000000000004,56.0,38.0,9.0,29.0,22.0
2021-08-02,81.0,86.0,100.0,154.0,140.0,145.0,140.0,131.0,148.0,104.0,140.0,119.0,128.0,125.07142857142857,-0.8660254037844384,-0.5000000000000004,51.0,39.0,8.0,30.0,22.0
2021-08-03,104.0,81.0,86.0,100.0,154.0,140.0,145.0,140.0,131.0,104.0,147.0,119.0,120.85714285714286,120.85714285714286,-0.8660254037844384,-0.5000000000000004,42.0,38.0,9.0,27.0,20.0
2021-08-04,89.0,104.0,81.0,86.0,100.0,154.0,140.0,145.0,140.0,148.0,102.0,116.0,115.71428571428571,117.78571428571429,-0.8660254037844384,-0.5000000000000004,55.0,38.0,12.0,21.0,25.0
2021-08-05,90.0,89.0,104.0,81.0,86.0,100.0,154.0,140.0,145.0,131.0,110.0,174.0,107.71428571428571,116.85714285714286,-0.8660254037844384,-0.5000000000000004,64.0,53.0,9.0,50.0,14.0
2021-08-06,105.0,90.0,89.0,104.0,81.0,86.0,100.0,154.0,140.0,140.0,104.0,138.0,100.57142857142857,115.42857142857143,-0.8660254037844384,-0.5000000000000004,53.0,38.0,8.0,21.0,19.0
2021-08-07,101.0,105.0,90.0,89.0,104.0,81.0,86.0,100.0,154.0,145.0,104.0,134.0,93.57142857142857,115.5,-0.8660254037844384,-0.5000000000000004,59.0,37.0,16.0,13.0,21.0
2021-08-08,92.0,101.0,105.0,90.0,89.0,104.0,81.0,86.0,100.0,140.0,148.0,150.0,93.71428571428571,115.28571428571429,-0.8660254037844384,-0.5000000000000004,59.0,38.0,8.0,19.0,18.0
2021-08-09,82.0,92.0,101.0,105.0,90.0,89.0,104.0,81.0,86.0,154.0,131.0,140.0,94.57142857142857,111.28571428571429,-0.8660254037844384,-0.5000000000000004,54.0,40.0,7.0,21.0,17.0
2021-08-10,68.0,82.0,92.0,101.0,105.0,90.0,89.0,104.0,81.0,100.0,140.0,147.0,94.71428571428571,107.78571428571429,-0.8660254037844384,-0.5000000000000004,48.0,40.0,6.0,26.0,16.0
2021-08-11,102.0,68.0,82.0,92.0,101.0,105.0,90.0,89.0,104.0,86.0,145.0,102.0,89.57142857142857,102.64285714285714,-0.8660254037844384,-0.5000000000000004,35.0,38.0,6.0,30.0,19.0
2021-08-12,104.0,102.0,68.0,82.0,92.0,101.0,105.0,90.0,89.0,81.0,140.0,110.0,91.42857142857143,99.57142857142857,-0.8660254037844384,-0.5000000000000004,56.0,39.0,11.0,27.0,23.0
2021-08-13,101.0,104.0,102.0,68.0,82.0,92.0,101.0,105.0,90.0,104.0,154.0,104.0,93.42857142857143,97.0,-0.8660254037844384,-0.5000000000000004,57.0,40.0,8.0,21.0,20.0
2021-08-14,116.0,101.0,104.0,102.0,68.0,82.0,92.0,101.0,105.0,89.0,100.0,104.0,92.85714285714286,93.21428571428571,-0.8660254037844384,-0.5000000000000004,55.0,40.0,11.0,19.0,25.0
2021-08-15,114.0,116.0,101.0,104.0,102.0,68.0,82.0,92.0,101.0,90.0,86.0,148.0,95.0,94.35714285714286,-0.8660254037844384,-0.5000000000000004,73.0,38.0,14.0,26.0,40.0
2021-08-16,100.0,114.0,116.0,101.0,104.0,102.0,68.0,82.0,92.0,105.0,81.0,131.0,98.14285714285714,96.35714285714286,-0.8660254037844384,-0.5000000000000004,63.0,39.0,11.0,15.0,21.0
2021-08-17,103.0,100.0,114.0,116.0,101.0,104.0,102.0,68.0,82.0,101.0,104.0,140.0,100.71428571428571,97.71428571428571,-0.8660254037844384,-0.5000000000000004,55.0,41.0,8.0,17.0,21.0
2021-08-18,97.0,103.0,100.0,114.0,116.0,101.0,104.0,102.0,68.0,92.0,89.0,145.0,105.71428571428571,97.64285714285714,-0.8660254037844384,-0.5000000000000004,59.0,41.0,8.0,24.0,20.0
2021-08-19,119.0,97.0,103.0,100.0,114.0,116.0,101.0,104.0,102.0,82.0,90.0,140.0,105.0,98.21428571428571,-0.8660254037844384,-0.5000000000000004,58.0,38.0,9.0,30.0,20.0
2021-08-20,106.0,119.0,97.0,103.0,100.0,114.0,116.0,101.0,104.0,68.0,105.0,154.0,107.14285714285714,100.28571428571429,-0.8660254037844384,-0.5000000000000004,67.0,42.0,13.0,28.0,28.0
2021-08-21,89.0,106.0,119.0,97.0,103.0,100.0,114.0,116.0,101.0,102.0,101.0,100.0,107.85714285714286,100.35714285714286,-0.8660254037844384,-0.5000000000000004,64.0,40.0,11.0,28.0,23.0
2021-08-22,134.0,89.0,106.0,119.0,97.0,103.0,100.0,114.0,116.0,104.0,92.0,86.0,104.0,99.5,-0.8660254037844384,-0.5000000000000004,58.0,32.0,10.0,31.0,24.0
2021-08-23,106.0,134.0,89.0,106.0,119.0,97.0,103.0,100.0,114.0,101.0,82.0,81.0,106.85714285714286,102.5,-0.8660254037844384,-0.5000000000000004,74.0,43.0,14.0,22.0,29.0
2021-08-24,110.0,106.0,134.0,89.0,106.0,119.0,97.0,103.0,100.0,116.0,68.0,104.0,107.71428571428571,104.21428571428571,-0.8660254037844384,-0.5000000000000004,63.0,40.0,10.0,24.0,20.0
2021-08-25,106.0,110.0,106.0,134.0,89.0,106.0,119.0,97.0,103.0,114.0,102.0,89.0,108.71428571428571,107.21428571428571,-0.8660254037844384,-0.5000000000000004,61.0,42.0,11.0,26.0,24.0
2021-08-26,96.0,106.0,110.0,106.0,134.0,89.0,106.0,119.0,97.0,100.0,104.0,90.0,110.0,107.5,-0.8660254037844384,-0.5000000000000004,62.0,42.0,9.0,26.0,28.0
2021-08-27,105.0,96.0,106.0,110.0,106.0,134.0,89.0,106.0,119.0,103.0,101.0,105.0,106.71428571428571,106.92857142857143,-0.8660254037844384,-0.5000000000000004,64.0,32.0,9.0,31.0,14.0
2021-08-28,123.0,105.0,96.0,106.0,110.0,106.0,134.0,89.0,106.0,97.0,116.0,101.0,106.57142857142857,107.21428571428571,-0.8660254037844384,-0.5000000000000004,58.0,39.0,10.0,28.0,22.0
2021-08-29,122.0,123.0,105.0,96.0,106.0,110.0,106.0,134.0,89.0,119.0,114.0,92.0,111.42857142857143,107.71428571428571,-0.8660254037844384,-0.5000000000000004,65.0,38.0,10.0,36.0,23.0
2021-08-30,140.0,122.0,123.0,105.0,96.0,106.0,110.0,106.0,134.0,106.0,100.0,82.0,109.71428571428571,108.28571428571429,-0.8660254037844384,-0.5000000000000004,66.0,39.0,12.0,28.0,25.0
2021-08-31,109.0,140.0,122.0,123.0,105.0,96.0,106.0,110.0,106.0,89.0,103.0,68.0,114.57142857142857,111.14285714285714,-0.8660254037844384,-0.5000000000000004,76.0,41.0,16.0,30.0,31.0
2021-09-01,118.0,109.0,140.0,122.0,123.0,105.0,96.0,106.0,110.0,134.0,97.0,102.0,114.42857142857143,111.57142857142857,-1.0,-1.8369701987210297e-16,61.0,41.0,10.0,32.0,26.0
2021-09-02,115.0,118.0,109.0,140.0,122.0,123.0,105.0,96.0,106.0,106.0,119.0,104.0,116.14285714285714,113.07142857142857,-1.0,-1.8369701987210297e-16,68.0,40.0,16.0,26.0,27.0
2021-09-03,111.0,115.0,118.0,109.0,140.0,122.0,123.0,105.0,96.0,110.0,106.0,101.0,118.85714285714286,112.78571428571429,-1.0,-1.8369701987210297e-16,65.0,39.0,12.0,26.0,25.0
2021-09-04,93.0,111.0,115.0,118.0,109.0,140.0,122.0,123.0,105.0,106.0,89.0,116.0,119.71428571428571,113.14285714285714,-1.0,-1.8369701987210297e-16,62.0,42.0,10.0,34.0,23.0
2021-09-05,120.0,93.0,111.0,115.0,118.0,109.0,140.0,122.0,123.0,96.0,134.0,114.0,115.42857142857143,113.42857142857143,-1.0,-1.8369701987210297e-16,57.0,42.0,9.0,31.0,19.0
2021-09-06,109.0,120.0,93.0,111.0,115.0,118.0,109.0,140.0,122.0,105.0,106.0,100.0,115.14285714285714,112.42857142857143,-1.0,-1.8369701987210297e-16,69.0,43.0,12.0,27.0,26.0
2021-09-07,86.0,109.0,120.0,93.0,111.0,115.0,118.0,109.0,140.0,123.0,110.0,103.0,110.71428571428571,112.64285714285714,-1.0,-1.8369701987210297e-16,62.0,42.0,9.0,29.0,16.0
2021-09-08,106.0,86.0,109.0,120.0,93.0,111.0,115.0,118.0,109.0,122.0,106.0,97.0,107.42857142857143,110.92857142857143,-1.0,-1.8369701987210297e-16,56.0,42.0,8.0,21.0,21.0
2021-09-09,88.0,106.0,86.0,109.0,120.0,93.0,111.0,115.0,118.0,140.0,96.0,119.0,105.71428571428571,110.92857142857143,-1.0,-1.8369701987210297e-16,63.0,40.0,15.0,29.0,25.0
2021-09-10,80.0,88.0,106.0,86.0,109.0,120.0,93.0,111.0,115.0,109.0,105.0,106.0,101.85714285714286,110.35714285714286,-1.0,-1.8369701987210297e-16,68.0,54.0,12.0,35.0,29.0
2021-09-11,109.0,80.0,88.0,106.0,86.0,109.0,120.0,93.0,111.0,118.0,123.0,89.0,97.42857142857143,108.57142857142857,-1.0,-1.8369701987210297e-16,45.0,42.0,8.0,26.0,19.0
2021-09-12,111.0,109.0,80.0,88.0,106.0,86.0,109.0,120.0,93.0,115.0,122.0,134.0,99.71428571428571,107.57142857142857,-1.0,-1.8369701987210297e-16,59.0,43.0,10.0,33.0,30.0
2021-09-13,88.0,111.0,109.0,80.0,88.0,106.0,86.0,109.0,120.0,111.0,140.0,106.0,98.42857142857143,106.78571428571429,-1.0,-1.8369701987210297e-16,63.0,41.0,10.0,24.0,19.0
2021-09-14,61.0,88.0,111.0,109.0,80.0,88.0,106.0,86.0,109.0,93.0,109.0,110.0,95.42857142857143,103.07142857142857,-1.0,-1.8369701987210297e-16,54.0,42.0,7.0,18.0,16.0
2021-09-15,110.0,61.0,88.0,111.0,109.0,80.0,88.0,106.0,86.0,120.0,118.0,106.0,91.85714285714286,99.64285714285714,-1.0,-1.8369701987210297e-16,36.0,41.0,6.0,19.0,15.0
2021-09-16,89.0,110.0,61.0,88.0,111.0,109.0,80.0,88.0,106.0,109.0,115.0,96.0,92.42857142857143,99.07142857142857,-1.0,-1.8369701987210297e-16,60.0,42.0,19.0,18.0,23.0
2021-09-17,85.0,89.0,110.0,61.0,88.0,111.0,109.0,80.0,88.0,86.0,111.0,105.0,92.57142857142857,97.21428571428571,-1.0,-1.8369701987210297e-16,53.0,42.0,7.0,28.0,15.0
2021-09-18,101.0,85.0,89.0,110.0,61.0,88.0,111.0,109.0,80.0,106.0,93.0,123.0,93.28571428571429,95.35714285714286,-1.0,-1.8369701987210297e-16,50.0,42.0,6.0,29.0,14.0
2021-09-19,83.0,101.0,85.0,89.0,110.0,61.0,88.0,111.0,109.0,88.0,120.0,122.0,92.14285714285714,95.92857142857143,-1.0,-1.8369701987210297e-16,57.0,43.0,7.0,23.0,15.0
2021-09-20,81.0,83.0,101.0,85.0,89.0,110.0,61.0,88.0,111.0,80.0,109.0,140.0,88.14285714285714,93.28571428571429,-1.0,-1.8369701987210297e-16,53.0,47.5,7.0,28.0,10.0
2021-09-21,99.0,81.0,83.0,101.0,85.0,89.0,110.0,61.0,88.0,109.0,86.0,109.0,87.14285714285714,91.28571428571429,-1.0,-1.8369701987210297e-16,58.0,52.0,11.0,54.0,25.0
2021-09-22,119.0,99.0,81.0,83.0,101.0,85.0,89.0,110.0,61.0,111.0,106.0,118.0,92.57142857142857,92.21428571428571,-1.0,-1.8369701987210297e-16,56.875,44.0,9.0,32.0,20.0
2021-09-23,116.0,119.0,99.0,81.0,83.0,101.0,85.0,89.0,110.0,88.0,88.0,115.0,93.85714285714286,93.14285714285714,-1.0,-1.8369701987210297e-16,55.75,44.0,10.0,22.0,21.0
2021-09-24,109.0,116.0,119.0,99.0,81.0,83.0,101.0,85.0,89.0,61.0,80.0,111.0,97.71428571428571,95.14285714285714,-1.0,-1.8369701987210297e-16,54.625,43.0,9.0,24.0,18.0
2021-09-25,102.0,109.0,116.0,119.0,99.0,81.0,83.0,101.0,85.0,110.0,109.0,93.0,101.14285714285714,97.21428571428571,-1.0,-1.8369701987210297e-16,,46.0,8.0,21.0,18.0
2021-09-26,98.0,102.0,109.0,116.0,119.0,99.0,81.0,83.0,101.0,89.0,111.0,120.0,101.28571428571429,96.71428571428571,-1.0,-1.8369701987210297e-16,,45.0,7.0,26.0,16.0
2021-09-27,89.0,98.0,102.0,109.0,116.0,119.0,99.0,81.0,83.0,85.0,88.0,109.0,103.42857142857143,95.78571428571429,-1.0,-1.8369701987210297e-16,,45.0,7.0,33.0,12.0
2021-09-28,71.0,89.0,98.0,102.0,109.0,116.0,119.0,99.0,81.0,101.0,61.0,86.0,104.57142857142857,95.85714285714286,-1.0,-1.8369701987210297e-16,,42.0,11.0,29.0,19.0
2021-09-29,102.0,71.0,89.0,98.0,102.0,109.0,116.0,119.0,99.0,83.0,110.0,106.0,100.57142857142857,96.57142857142857,-1.0,-1.8369701987210297e-16,49.0,43.5,8.0,49.0,13.0
2021-09-30,117.0,102.0,71.0,89.0,98.0,102.0,109.0,116.0,119.0,81.0,89.0,88.0,98.14285714285714,96.0,-1.0,-1.8369701987210297e-16,51.285714285714285,45.0,13.0,38.0,24.0
2021-10-01,91.0,117.0,102.0,71.0,89.0,98.0,102.0,109.0,116.0,99.0,85.0,80.0,98.28571428571429,98.0,-0.8660254037844386,0.5000000000000001,53.57142857142857,45.0,13.0,40.0,27.0
2021-10-02,127.0,91.0,117.0,102.0,71.0,89.0,98.0,102.0,109.0,119.0,101.0,109.0,95.71428571428571,98.42857142857143,-0.8660254037844386,0.5000000000000001,55.85714285714285,45.0,10.0,35.0,33.0
2021-10-03,96.0,127.0,91.0,117.0,102.0,71.0,89.0,98.0,102.0,116.0,83.0,111.0,99.28571428571429,100.28571428571429,-0.8660254037844386,0.5000000000000001,,46.0,10.0,35.0,19.0
2021-10-04,110.0,96.0,127.0,91.0,117.0,102.0,71.0,89.0,98.0,109.0,81.0,88.0,99.0,101.21428571428571,-0.8660254037844386,0.5000000000000001,,44.0,9.0,32.0,19.0
2021-10-05,90.0,110.0,96.0,127.0,91.0,117.0,102.0,71.0,89.0,102.0,99.0,61.0,102.0,103.28571428571429,-0.8660254037844386,0.5000000000000001,,44.0,11.0,33.0,24.0
2021-10-06,103.0,90.0,110.0,96.0,127.0,91.0,117.0,102.0,71.0,98.0,119.0,110.0,104.71428571428571,102.64285714285714,-0.8660254037844386,0.5000000000000001,65.0,67.0,11.0,54.0,27.0
2021-10-07,77.0,103.0,90.0,110.0,96.0,127.0,91.0,117.0,102.0,89.0,116.0,89.0,104.85714285714286,101.5,-0.8660254037844386,0.5000000000000001,66.0,47.0,8.0,37.0,17.0
2021-10-08,98.0,77.0,103.0,90.0,110.0,96.0,127.0,91.0,117.0,71.0,109.0,85.0,99.14285714285714,98.71428571428571,-0.8660254037844386,0.5000000000000001,52.0,41.0,7.0,27.0,23.0
2021-10-09,83.0,98.0,77.0,103.0,90.0,110.0,96.0,127.0,91.0,102.0,102.0,101.0,100.14285714285714,97.92857142857143,-0.8660254037844386,0.5000000000000001,58.0,45.0,9.0,30.0,22.0
2021-10-10,97.0,83.0,98.0,77.0,103.0,90.0,110.0,96.0,127.0,117.0,98.0,83.0,93.85714285714286,96.57142857142857,-0.8660254037844386,0.5000000000000001,55.0,47.0,7.0,36.0,21.0
2021-10-11,100.0,97.0,83.0,98.0,77.0,103.0,90.0,110.0,96.0,91.0,89.0,81.0,94.0,96.5,-0.8660254037844386,0.5000000000000001,61.0,42.0,9.0,43.0,16.0
2021-10-12,111.0,100.0,97.0,83.0,98.0,77.0,103.0,90.0,110.0,127.0,71.0,99.0,92.57142857142857,97.28571428571429,-0.8660254037844386,0.5000000000000001,68.0,64.0,12.0,66.0,26.0
2021-10-13,91.0,111.0,100.0,97.0,83.0,98.0,77.0,103.0,90.0,96.0,102.0,119.0,95.57142857142857,100.14285714285714,-0.8660254037844386,0.5000000000000001,70.0,47.0,9.0,32.0,25.0
2021-10-14,131.0,91.0,111.0,100.0,97.0,83.0,98.0,77.0,103.0,110.0,117.0,116.0,93.85714285714286,99.35714285714286,-0.8660254037844386,0.5000000000000001,80.0,44.0,8.0,38.0,19.0
2021-10-15,157.0,131.0,91.0,111.0,100.0,97.0,83.0,98.0,77.0,90.0,91.0,109.0,101.57142857142857,100.35714285714286,-0.8660254037844386,0.5000000000000001,90.0,44.0,12.0,45.0,32.0
2021-10-16,122.0,157.0,131.0,91.0,111.0,100.0,97.0,83.0,98.0,103.0,127.0,102.0,110.0,105.07142857142857,-0.8660254037844386,0.5000000000000001,100.0,41.0,15.0,50.0,26.0
2021-10-17,126.0,122.0,157.0,131.0,91.0,111.0,100.0,97.0,83.0,77.0,96.0,98.0,115.57142857142857,104.71428571428571,-0.8660254037844386,0.5000000000000001,67.0,40.0,14.0,51.0,23.0
2021-10-18,88.0,126.0,122.0,157.0,131.0,91.0,111.0,100.0,97.0,98.0,110.0,89.0,119.71428571428571,106.85714285714286,-0.8660254037844386,0.5000000000000001,62.0,39.0,13.0,53.0,27.0
2021-10-19,81.0,88.0,126.0,122.0,157.0,131.0,91.0,111.0,100.0,83.0,90.0,71.0,118.0,105.28571428571429,-0.8660254037844386,0.5000000000000001,57.0,42.0,11.0,32.0,19.0
2021-10-20,96.0,81.0,88.0,126.0,122.0,157.0,131.0,91.0,111.0,97.0,103.0,102.0,113.71428571428571,104.64285714285714,-0.8660254037844386,0.5000000000000001,50.0,43.5,16.0,13.0,35.0
2021-10-21,74.0,96.0,81.0,88.0,126.0,122.0,157.0,131.0,91.0,100.0,77.0,117.0,114.42857142857143,104.14285714285714,-0.8660254037844386,0.5000000000000001,51.5,45.0,10.0,33.0,17.0
2021-10-22,120.0,74.0,96.0,81.0,88.0,126.0,122.0,157.0,131.0,111.0,98.0,91.0,106.28571428571429,103.92857142857143,-0.8660254037844386,0.5000000000000001,53.0,53.0,11.0,29.0,15.0
2021-10-23,109.0,120.0,74.0,96.0,81.0,88.0,126.0,122.0,157.0,91.0,83.0,127.0,101.0,105.5,-0.8660254037844386,0.5000000000000001,71.0,45.0,13.0,36.0,21.0
2021-10-24,113.0,109.0,120.0,74.0,96.0,81.0,88.0,126.0,122.0,131.0,97.0,96.0,99.14285714285714,107.35714285714286,-0.8660254037844386,0.5000000000000001,65.0,45.0,10.0,35.0,20.0
2021-10-25,104.0,113.0,109.0,120.0,74.0,96.0,81.0,88.0,126.0,157.0,100.0,110.0,97.28571428571429,108.5,-0.8660254037844386,0.5000000000000001,68.0,44.0,15.0,39.0,23.0
2021-10-26,130.0,104.0,113.0,109.0,120.0,74.0,96.0,81.0,88.0,122.0,111.0,90.0,99.57142857142857,108.78571428571429,-0.8660254037844386,0.5000000000000001,62.0,44.0,11.0,41.0,22.0
2021-10-27,90.0,130.0,104.0,113.0,109.0,120.0,74.0,96.0,81.0,126.0,91.0,103.0,106.57142857142857,110.14285714285714,-0.8660254037844386,0.5000000000000001,75.0,45.0,16.0,36.0,24.0
2021-10-28,78.0,90.0,130.0,104.0,113.0,109.0,120.0,74.0,96.0,88.0,131.0,77.0,105.71428571428571,110.07142857142857,-0.8660254037844386,0.5000000000000001,59.0,43.0,10.0,50.0,21.0
2021-10-29,74.0,78.0,90.0,130.0,104.0,113.0,109.0,120.0,74.0,81.0,157.0,98.0,106.28571428571429,106.28571428571429,-0.8660254037844386,0.5000000000000001,54.0,40.0,11.0,56.0,18.0
2021-10-30,103.0,74.0,78.0,90.0,130.0,104.0,113.0,109.0,120.0,96.0,122.0,83.0,99.71428571428571,100.35714285714286,-0.8660254037844386,0.5000000000000001,54.0,80.0,14.0,49.0,26.0
2021-10-31,79.0,103.0,74.0,78.0,90.0,130.0,104.0,113.0,109.0,74.0,126.0,97.0,98.85714285714286,99.0,-0.8660254037844386,0.5000000000000001,62.0,43.0,15.0,58.0,18.0
2021-11-01,91.0,79.0,103.0,74.0,78.0,90.0,130.0,104.0,113.0,120.0,88.0,100.0,94.0,95.64285714285714,-0.5000000000000004,0.8660254037844384,56.0,63.0,12.0,56.0,28.0
2021-11-02,77.0,91.0,79.0,103.0,74.0,78.0,90.0,130.0,104.0,109.0,81.0,111.0,92.14285714285714,95.85714285714286,-0.5000000000000004,0.8660254037844384,59.0,51.5,17.0,22.0,27.0
2021-11-03,83.0,77.0,91.0,79.0,103.0,74.0,78.0,90.0,130.0,113.0,96.0,91.0,84.57142857142857,95.57142857142857,-0.5000000000000004,0.8660254037844384,54.0,40.0,18.0,47.0,22.0
2021-11-04,95.0,83.0,77.0,91.0,79.0,103.0,74.0,78.0,90.0,104.0,74.0,131.0,83.57142857142857,94.64285714285714,-0.5000000000000004,0.8660254037844384,51.0,42.0,12.0,73.0,17.0
2021-11-05,95.0,95.0,83.0,77.0,91.0,79.0,103.0,74.0,78.0,130.0,120.0,157.0,86.0,96.14285714285714,-0.5000000000000004,0.8660254037844384,63.0,20.0,13.0,63.0,42.0
2021-11-06,86.0,95.0,95.0,83.0,77.0,91.0,79.0,103.0,74.0,90.0,109.0,122.0,89.0,94.35714285714286,-0.5000000000000004,0.8660254037844384,61.0,43.0,16.0,14.0,20.0
2021-11-07,81.0,86.0,95.0,95.0,83.0,77.0,91.0,79.0,103.0,78.0,113.0,126.0,86.57142857142857,92.71428571428571,-0.5000000000000004,0.8660254037844384,55.0,44.0,11.0,26.0,29.0
2021-11-08,73.0,81.0,86.0,95.0,95.0,83.0,77.0,91.0,79.0,74.0,104.0,88.0,86.85714285714286,90.42857142857143,-0.5000000000000004,0.8660254037844384,52.0,44.0,9.0,35.0,17.0
2021-11-09,106.0,73.0,81.0,86.0,95.0,95.0,83.0,77.0,91.0,103.0,130.0,81.0,84.28571428571429,88.21428571428571,-0.5000000000000004,0.8660254037844384,53.0,43.5,14.0,39.0,26.0
2021-11-10,100.0,106.0,73.0,81.0,86.0,95.0,95.0,83.0,77.0,79.0,90.0,96.0,88.42857142857143,86.5,-0.5000000000000004,0.8660254037844384,64.0,43.0,15.0,31.0,19.0
2021-11-11,71.0,100.0,106.0,73.0,81.0,86.0,95.0,95.0,83.0,91.0,78.0,74.0,90.85714285714286,87.21428571428571,-0.5000000000000004,0.8660254037844384,61.0,37.0,11.0,20.0,19.0
2021-11-12,63.0,71.0,100.0,106.0,73.0,81.0,86.0,95.0,95.0,77.0,74.0,120.0,87.42857142857143,86.71428571428571,-0.5000000000000004,0.8660254037844384,45.0,37.0,10.0,13.0,14.0
2021-11-13,82.0,63.0,71.0,100.0,106.0,73.0,81.0,86.0,95.0,83.0,103.0,109.0,82.85714285714286,85.92857142857143,-0.5000000000000004,0.8660254037844384,32.0,37.0,7.0,19.0,14.0
2021-11-14,68.0,82.0,63.0,71.0,100.0,106.0,73.0,81.0,86.0,95.0,79.0,113.0,82.28571428571429,84.42857142857143,-0.5000000000000004,0.8660254037844384,52.0,38.0,14.0,30.0,17.0
2021-11-15,58.0,68.0,82.0,63.0,71.0,100.0,106.0,73.0,81.0,95.0,91.0,104.0,80.42857142857143,83.64285714285714,-0.5000000000000004,0.8660254037844384,48.0,36.0,13.0,24.0,14.0
2021-11-16,82.0,58.0,68.0,82.0,63.0,71.0,100.0,106.0,73.0,86.0,77.0,130.0,78.28571428571429,81.28571428571429,-0.5000000000000004,0.8660254037844384,36.0,36.0,7.0,16.0,11.0
2021-11-17,99.0,82.0,58.0,68.0,82.0,63.0,71.0,100.0,106.0,81.0,83.0,90.0,74.85714285714286,81.64285714285714,-0.5000000000000004,0.8660254037844384,53.0,47.0,11.0,24.0,11.0
2021-11-18,106.0,99.0,82.0,58.0,68.0,82.0,63.0,71.0,100.0,73.0,95.0,78.0,74.71428571428571,82.78571428571429,-0.5000000000000004,0.8660254037844384,60.0,39.0,10.0,19.0,14.0
2021-11-19,45.0,106.0,99.0,82.0,58.0,68.0,82.0,63.0,71.0,106.0,95.0,74.0,79.71428571428571,83.57142857142857,-0.5000000000000004,0.8660254037844384,63.0,41.0,9.0,27.0,18.0
2021-11-20,58.0,45.0,106.0,99.0,82.0,58.0,68.0,82.0,63.0,100.0,86.0,103.0,77.14285714285714,80.0,-0.5000000000000004,0.8660254037844384,32.0,5.0,7.0,42.0,12.0
2021-11-21,76.0,58.0,45.0,106.0,99.0,82.0,58.0,68.0,82.0,71.0,81.0,79.0,73.71428571428571,78.0,-0.5000000000000004,0.8660254037844384,26.0,38.0,6.0,21.0,13.0
2021-11-22,45.0,76.0,58.0,45.0,106.0,99.0,82.0,58.0,68.0,63.0,73.0,91.0,74.85714285714286,77.64285714285714,-0.5000000000000004,0.8660254037844384,52.0,41.0,14.0,29.0,13.0
2021-11-23,55.0,45.0,76.0,58.0,45.0,106.0,99.0,82.0,58.0,82.0,106.0,77.0,73.0,75.64285714285714,-0.5000000000000004,0.8660254037844384,23.0,37.0,4.0,14.0,9.0
2021-11-24,59.0,55.0,45.0,76.0,58.0,45.0,106.0,99.0,82.0,68.0,100.0,83.0,69.14285714285714,72.0,-0.5000000000000004,0.8660254037844384,25.0,5.0,7.0,41.0,9.0
2021-11-25,83.0,59.0,55.0,45.0,76.0,58.0,45.0,106.0,99.0,58.0,71.0,95.0,63.42857142857143,69.07142857142857,-0.5000000000000004,0.8660254037844384,27.0,37.0,5.0,26.0,12.0
2021-11-26,78.0,83.0,59.0,55.0,45.0,76.0,58.0,45.0,106.0,82.0,63.0,95.0,60.142857142857146,69.92857142857143,-0.5000000000000004,0.8660254037844384,63.0,42.0,12.0,27.0,11.0
2021-11-27,56.0,78.0,83.0,59.0,55.0,45.0,76.0,58.0,45.0,99.0,82.0,86.0,64.85714285714286,71.0,-0.5000000000000004,0.8660254037844384,58.0,38.0,14.0,17.0,13.0
2021-11-28,55.5,56.0,78.0,83.0,59.0,55.0,45.0,76.0,58.0,106.0,68.0,81.0,64.57142857142857,69.14285714285714,-0.5000000000000004,0.8660254037844384,37.0,37.0,8.0,13.0,12.0
2021-11-29,55.0,55.5,56.0,78.0,83.0,59.0,55.0,45.0,76.0,45.0,58.0,73.0,61.642857142857146,68.25,-0.5000000000000004,0.8660254037844384,18.0,3.0,7.0,47.0,9.0
2021-11-30,66.0,55.0,55.5,56.0,78.0,83.0,59.0,55.0,45.0,58.0,82.0,106.0,63.07142857142857,68.03571428571429,-0.5000000000000004,0.8660254037844384,29.0,37.0,8.0,17.0,11.0
2021-12-01,100.0,66.0,55.0,55.5,56.0,78.0,83.0,59.0,55.0,76.0,99.0,100.0,64.64285714285714,66.89285714285714,-2.4492935982947064e-16,1.0,39.0,38.0,8.0,24.0,15.0
2021-12-02,56.0,100.0,66.0,55.0,55.5,56.0,78.0,83.0,59.0,45.0,106.0,71.0,70.5,66.96428571428571,-2.4492935982947064e-16,1.0,63.0,39.0,12.0,19.0,23.0
2021-12-03,71.0,56.0,100.0,66.0,55.0,55.5,56.0,78.0,83.0,55.0,45.0,63.0,66.64285714285714,63.392857142857146,-2.4492935982947064e-16,1.0,33.0,38.0,5.0,18.0,13.0
2021-12-04,65.0,71.0,56.0,100.0,66.0,55.0,55.5,56.0,78.0,59.0,58.0,82.0,65.64285714285714,65.25,-2.4492935982947064e-16,1.0,41.0,39.0,7.0,23.0,15.0
2021-12-05,80.0,65.0,71.0,56.0,100.0,66.0,55.0,55.5,56.0,83.0,76.0,68.0,66.92857142857143,65.75,-2.4492935982947064e-16,1.0,50.0,45.0,10.0,26.0,13.0
2021-12-06,91.0,80.0,65.0,71.0,56.0,100.0,66.0,55.0,55.5,78.0,45.0,58.0,70.42857142857143,66.03571428571429,-2.4492935982947064e-16,1.0,53.0,39.0,17.0,13.0,15.0
2021-12-07,58.0,91.0,80.0,65.0,71.0,56.0,100.0,66.0,55.0,56.0,55.0,82.0,75.57142857142857,69.32142857142857,-2.4492935982947064e-16,1.0,62.0,47.0,17.0,42.0,18.0
2021-12-08,76.0,58.0,91.0,80.0,65.0,71.0,56.0,100.0,66.0,55.5,59.0,99.0,74.42857142857143,69.53571428571429,-2.4492935982947064e-16,1.0,179.0,39.0,9.0,17.0,15.0
2021-12-09,63.0,76.0,58.0,91.0,80.0,65.0,71.0,56.0,100.0,55.0,83.0,106.0,71.0,70.75,-2.4492935982947064e-16,1.0,47.0,40.0,14.0,25.0,14.0
2021-12-10,73.0,63.0,76.0,58.0,91.0,80.0,65.0,71.0,56.0,66.0,78.0,45.0,72.0,69.32142857142857,-2.4492935982947064e-16,1.0,38.0,40.0,9.0,28.0,19.0
2021-12-11,60.0,73.0,63.0,76.0,58.0,91.0,80.0,65.0,71.0,100.0,56.0,58.0,72.28571428571429,68.96428571428571,-2.4492935982947064e-16,1.0,45.0,42.0,10.0,24.0,19.0
2021-12-12,63.0,60.0,73.0,63.0,76.0,58.0,91.0,80.0,65.0,56.0,55.5,76.0,71.57142857142857,69.25,-2.4492935982947064e-16,1.0,32.0,39.0,7.0,22.0,17.0
2021-12-13,68.0,63.0,60.0,73.0,63.0,76.0,58.0,91.0,80.0,71.0,55.0,45.0,69.14285714285714,69.78571428571429,-2.4492935982947064e-16,1.0,48.0,43.0,13.0,22.5,13.0
2021-12-14,76.0,68.0,63.0,60.0,73.0,63.0,76.0,58.0,91.0,65.0,66.0,55.0,65.85714285714286,70.71428571428571,-2.4492935982947064e-16,1.0,53.0,44.0,11.0,23.0,10.0
2021-12-15,124.0,76.0,68.0,63.0,60.0,73.0,63.0,76.0,58.0,80.0,100.0,59.0,68.42857142857143,71.42857142857143,-2.4492935982947064e-16,1.0,50.0,40.0,7.0,28.0,14.0
2021-12-16,136.0,124.0,76.0,68.0,63.0,60.0,73.0,63.0,76.0,91.0,56.0,83.0,75.28571428571429,73.14285714285714,-2.4492935982947064e-16,1.0,69.0,40.0,15.0,29.0,23.0
2021-12-17,81.0,136.0,124.0,76.0,68.0,63.0,60.0,73.0,63.0,58.0,71.0,78.0,85.71428571428571,78.85714285714286,-2.4492935982947064e-16,1.0,78.0,41.0,14.0,32.0,18.0
2021-12-18,69.0,81.0,136.0,124.0,76.0,68.0,63.0,60.0,73.0,76.0,65.0,56.0,86.85714285714286,79.57142857142857,-2.4492935982947064e-16,1.0,55.0,39.0,13.0,34.0,17.0
2021-12-19,102.0,69.0,81.0,136.0,124.0,76.0,68.0,63.0,60.0,63.0,80.0,55.5,88.14285714285714,79.85714285714286,-2.4492935982947064e-16,1.0,59.5,42.0,13.0,24.0,17.0
2021-12-20,86.0,102.0,69.0,81.0,136.0,124.0,76.0,68.0,63.0,73.0,91.0,55.0,93.71428571428571,81.42857142857143,-2.4492935982947064e-16,1.0,64.0,41.0,21.0,40.0,22.0
2021-12-21,74.0,86.0,102.0,69.0,81.0,136.0,124.0,76.0,68.0,60.0,58.0,66.0,96.28571428571429,81.07142857142857,-2.4492935982947064e-16,1.0,57.0,42.0,10.0,30.0,16.0
2021-12-22,98.0,74.0,86.0,102.0,69.0,81.0,136.0,124.0,76.0,63.0,76.0,100.0,96.0,82.21428571428571,-2.4492935982947064e-16,1.0,52.0,41.0,19.0,22.0,17.0
2021-12-23,99.0,98.0,74.0,86.0,102.0,69.0,81.0,136.0,124.0,68.0,63.0,56.0,92.28571428571429,83.78571428571429,-2.4492935982947064e-16,1.0,62.0,27.0,22.0,32.0,34.0
2021-12-24,65.0,99.0,98.0,74.0,86.0,102.0,69.0,81.0,136.0,76.0,73.0,71.0,87.0,86.35714285714286,-2.4492935982947064e-16,1.0,70.0,46.0,19.0,42.0,42.0
2021-12-25,85.0,65.0,99.0,98.0,74.0,86.0,102.0,69.0,81.0,124.0,60.0,65.0,84.71428571428571,85.78571428571429,-2.4492935982947064e-16,1.0,34.0,30.5,21.0,41.11111111111112,30.666666666666664
2021-12-26,71.0,85.0,65.0,99.0,98.0,74.0,86.0,102.0,69.0,136.0,63.0,80.0,87.0,87.57142857142857,-2.4492935982947064e-16,1.0,56.0,15.0,23.0,40.22222222222222,19.33333333333333
2021-12-27,121.0,71.0,85.0,65.0,99.0,98.0,74.0,86.0,102.0,81.0,68.0,91.0,82.57142857142857,88.14285714285714,-2.4492935982947064e-16,1.0,44.0,13.0,14.0,39.333333333333336,8.0
2021-12-28,89.0,121.0,71.0,85.0,65.0,99.0,98.0,74.0,86.0,69.0,76.0,58.0,87.57142857142857,91.92857142857143,-2.4492935982947064e-16,1.0,68.0,17.0,21.0,,12.0
2021-12-29,98.0,89.0,121.0,71.0,85.0,65.0,99.0,98.0,74.0,102.0,124.0,76.0,89.71428571428571,92.85714285714286,-2.4492935982947064e-16,1.0,59.0,38.0,15.0,,22.0
2021-12-30,102.0,98.0,89.0,121.0,71.0,85.0,65.0,99.0,98.0,86.0,136.0,63.0,89.71428571428571,91.0,-2.4492935982947064e-16,1.0,61.0,37.0,15.0,,19.0
2021-12-31,90.0,102.0,98.0,89.0,121.0,71.0,85.0,65.0,99.0,74.0,81.0,73.0,90.14285714285714,88.57142857142857,-2.4492935982947064e-16,1.0,60.0,38.0,17.0,,21.0
2022-01-01,85.0,90.0,102.0,98.0,89.0,121.0,71.0,85.0,65.0,98.0,69.0,60.0,93.71428571428571,89.21428571428571,0.49999999999999994,0.8660254037844387,58.0,36.0,21.0,,22.0
2022-01-02,70.0,85.0,90.0,102.0,98.0,89.0,121.0,71.0,85.0,99.0,102.0,63.0,93.71428571428571,90.35714285714286,0.49999999999999994,0.8660254037844387,57.0,48.0,13.0,34.0,18.0
2022-01-03,80.0,70.0,85.0,90.0,102.0,98.0,89.0,121.0,71.0,65.0,86.0,68.0,93.57142857142857,88.07142857142857,0.49999999999999994,0.8660254037844387,40.0,45.0,10.0,36.0,11.0
2022-01-04,102.0,80.0,70.0,85.0,90.0,102.0,98.0,89.0,121.0,85.0,74.0,76.0,87.71428571428571,87.64285714285714,0.49999999999999994,0.8660254037844387,49.0,49.0,13.0,37.0,21.0
2022-01-05,165.0,102.0,80.0,70.0,85.0,90.0,102.0,98.0,89.0,71.0,98.0,124.0,89.57142857142857,89.64285714285714,0.49999999999999994,0.8660254037844387,59.0,51.0,14.0,51.0,26.0
2022-01-06,117.0,165.0,102.0,80.0,70.0,85.0,90.0,102.0,98.0,121.0,99.0,136.0,99.14285714285714,94.42857142857143,0.49999999999999994,0.8660254037844387,95.0,53.0,18.0,55.0,32.0
2022-01-07,113.0,117.0,165.0,102.0,80.0,70.0,85.0,90.0,102.0,89.0,65.0,81.0,101.28571428571429,95.71428571428571,0.49999999999999994,0.8660254037844387,73.0,53.0,16.0,48.0,42.0
2022-01-08,77.0,113.0,117.0,165.0,102.0,80.0,70.0,85.0,90.0,98.0,85.0,69.0,104.57142857142857,99.14285714285714,0.49999999999999994,0.8660254037844387,71.0,48.0,22.0,38.0,41.0
2022-01-09,82.0,77.0,113.0,117.0,165.0,102.0,80.0,70.0,85.0,102.0,71.0,102.0,103.42857142857143,98.57142857142857,0.49999999999999994,0.8660254037844387,55.0,52.0,17.0,41.0,29.0
2022-01-10,87.0,82.0,77.0,113.0,117.0,165.0,102.0,80.0,70.0,90.0,121.0,86.0,105.14285714285714,99.35714285714286,0.49999999999999994,0.8660254037844387,56.0,52.0,14.0,39.0,27.0
2022-01-11,60.0,87.0,82.0,77.0,113.0,117.0,165.0,102.0,80.0,85.0,89.0,74.0,106.14285714285714,96.92857142857143,0.49999999999999994,0.8660254037844387,60.0,51.0,13.0,36.0,26.0
2022-01-12,59.0,60.0,87.0,82.0,77.0,113.0,117.0,165.0,102.0,70.0,98.0,98.0,100.14285714285714,94.85714285714286,0.49999999999999994,0.8660254037844387,46.0,53.0,12.0,37.0,28.0
2022-01-13,62.0,59.0,60.0,87.0,82.0,77.0,113.0,117.0,165.0,80.0,102.0,99.0,85.0,92.07142857142857,0.49999999999999994,0.8660254037844387,46.0,51.0,15.0,38.0,29.0
2022-01-14,63.0,62.0,59.0,60.0,87.0,82.0,77.0,113.0,117.0,102.0,90.0,65.0,77.14285714285714,89.21428571428571,0.49999999999999994,0.8660254037844387,38.0,52.0,15.0,63.0,32.0
2022-01-15,69.0,63.0,62.0,59.0,60.0,87.0,82.0,77.0,113.0,165.0,85.0,85.0,70.0,87.28571428571429,0.49999999999999994,0.8660254037844387,46.0,48.0,15.0,63.0,32.0
2022-01-16,102.0,69.0,63.0,62.0,59.0,60.0,87.0,82.0,77.0,117.0,70.0,71.0,68.85714285714286,86.14285714285714,0.49999999999999994,0.8660254037844387,55.0,51.0,15.0,68.0,29.0
2022-01-17,93.0,102.0,69.0,63.0,62.0,59.0,60.0,87.0,82.0,113.0,80.0,121.0,71.71428571428571,88.42857142857143,0.49999999999999994,0.8660254037844387,67.0,47.0,20.0,65.0,32.0
2022-01-18,67.0,93.0,102.0,69.0,63.0,62.0,59.0,60.0,87.0,77.0,102.0,89.0,72.57142857142857,89.35714285714286,0.49999999999999994,0.8660254037844387,67.0,44.0,19.0,63.0,28.0
2022-01-19,61.0,67.0,93.0,102.0,69.0,63.0,62.0,59.0,60.0,82.0,165.0,98.0,73.57142857142857,86.85714285714286,0.49999999999999994,0.8660254037844387,54.0,47.0,14.0,59.0,33.0
2022-01-20,57.0,61.0,67.0,93.0,102.0,69.0,63.0,62.0,59.0,87.0,117.0,102.0,73.85714285714286,79.42857142857143,0.49999999999999994,0.8660254037844387,45.0,45.0,15.0,69.0,22.0
2022-01-21,57.0,57.0,61.0,67.0,93.0,102.0,69.0,63.0,62.0,60.0,113.0,90.0,73.14285714285714,75.14285714285714,0.49999999999999994,0.8660254037844387,40.0,55.0,14.0,68.0,24.0
2022-01-22,73.0,57.0,57.0,61.0,67.0,93.0,102.0,69.0,63.0,59.0,77.0,85.0,72.28571428571429,71.14285714285714,0.49999999999999994,0.8660254037844387,40.0,51.0,15.0,51.0,23.0
2022-01-23,73.0,73.0,57.0,57.0,61.0,67.0,93.0,102.0,69.0,62.0,82.0,70.0,72.85714285714286,70.85714285714286,0.49999999999999994,0.8660254037844387,52.0,51.0,12.0,39.0,20.0
2022-01-24,74.0,73.0,73.0,57.0,57.0,61.0,67.0,93.0,102.0,63.0,87.0,80.0,68.71428571428571,70.21428571428571,0.49999999999999994,0.8660254037844387,57.0,50.0,11.0,35.0,15.0
2022-01-25,58.0,74.0,73.0,73.0,57.0,57.0,61.0,67.0,93.0,69.0,60.0,102.0,66.0,69.28571428571429,0.49999999999999994,0.8660254037844387,57.0,48.0,11.0,58.0,18.0
2022-01-26,56.0,58.0,74.0,73.0,73.0,57.0,57.0,61.0,67.0,102.0,59.0,165.0,64.71428571428571,69.14285714285714,0.49999999999999994,0.8660254037844387,41.0,46.0,9.0,51.0,19.0
2022-01-27,75.0,56.0,58.0,74.0,73.0,73.0,57.0,57.0,61.0,93.0,62.0,117.0,64.0,68.92857142857143,0.49999999999999994,0.8660254037844387,38.0,45.0,14.0,57.0,24.0
2022-01-28,84.0,75.0,56.0,58.0,74.0,73.0,73.0,57.0,57.0,67.0,63.0,113.0,66.57142857142857,69.85714285714286,0.49999999999999994,0.8660254037844387,58.0,47.0,14.0,48.0,25.0
2022-01-29,120.0,84.0,75.0,56.0,58.0,74.0,73.0,73.0,57.0,61.0,69.0,77.0,70.42857142857143,71.35714285714286,0.49999999999999994,0.8660254037844387,63.0,52.0,12.0,60.0,28.0
2022-01-30,129.0,120.0,84.0,75.0,56.0,58.0,74.0,73.0,73.0,57.0,102.0,82.0,77.14285714285714,75.0,0.49999999999999994,0.8660254037844387,65.0,52.0,30.0,52.0,46.0
2022-01-31,119.0,129.0,120.0,84.0,75.0,56.0,58.0,74.0,73.0,57.0,93.0,87.0,85.14285714285714,76.92857142857143,0.49999999999999994,0.8660254037844387,75.0,53.0,25.0,59.0,50.0
2022-02-01,89.0,119.0,129.0,120.0,84.0,75.0,56.0,58.0,74.0,73.0,67.0,60.0,91.57142857142857,78.78571428571429,0.8660254037844386,0.5000000000000001,72.0,58.0,44.0,53.0,44.0
2022-02-02,101.0,89.0,119.0,129.0,120.0,84.0,75.0,56.0,58.0,73.0,61.0,59.0,96.0,80.35714285714286,0.8660254037844386,0.5000000000000001,64.0,52.0,13.0,76.0,21.0
2022-02-03,99.0,101.0,89.0,119.0,129.0,120.0,84.0,75.0,56.0,74.0,57.0,62.0,102.42857142857143,83.21428571428571,0.8660254037844386,0.5000000000000001,66.0,47.0,22.0,64.0,26.0
2022-02-04,72.0,99.0,101.0,89.0,119.0,129.0,120.0,84.0,75.0,58.0,57.0,63.0,105.85714285714286,86.21428571428571,0.8660254037844386,0.5000000000000001,58.0,48.0,20.0,65.0,33.0
2022-02-05,62.0,72.0,99.0,101.0,89.0,119.0,129.0,120.0,84.0,56.0,73.0,69.0,104.14285714285714,87.28571428571429,0.8660254037844386,0.5000000000000001,54.0,46.0,12.0,68.0,27.0
2022-02-06,51.0,62.0,72.0,99.0,101.0,89.0,119.0,129.0,120.0,75.0,73.0,102.0,95.85714285714286,86.5,0.8660254037844386,0.5000000000000001,43.0,53.0,18.0,55.0,30.0
2022-02-07,60.0,51.0,62.0,72.0,99.0,101.0,89.0,119.0,129.0,84.0,74.0,93.0,84.71428571428571,84.92857142857143,0.8660254037844386,0.5000000000000001,39.0,58.0,15.0,57.0,21.0
2022-02-08,109.0,60.0,51.0,62.0,72.0,99.0,101.0,89.0,119.0,120.0,58.0,67.0,76.28571428571429,83.92857142857143,0.8660254037844386,0.5000000000000001,40.0,48.0,13.0,67.0,22.0
2022-02-09,101.0,109.0,60.0,51.0,62.0,72.0,99.0,101.0,89.0,129.0,56.0,61.0,79.14285714285714,87.57142857142857,0.8660254037844386,0.5000000000000001,58.0,39.0,18.0,60.0,31.0
2022-02-10,47.0,101.0,109.0,60.0,51.0,62.0,72.0,99.0,101.0,119.0,75.0,57.0,79.14285714285714,90.78571428571429,0.8660254037844386,0.5000000000000001,64.0,39.0,36.0,55.0,45.0
2022-02-11,95.0,47.0,101.0,109.0,60.0,51.0,62.0,72.0,99.0,89.0,84.0,57.0,71.71428571428571,88.78571428571429,0.8660254037844386,0.5000000000000001,24.0,41.0,12.0,49.0,23.0
2022-02-12,68.0,95.0,47.0,101.0,109.0,60.0,51.0,62.0,72.0,101.0,120.0,73.0,75.0,89.57142857142857,0.8660254037844386,0.5000000000000001,62.0,48.0,20.0,48.0,33.0
2022-02-13,98.0,68.0,95.0,47.0,101.0,109.0,60.0,51.0,62.0,99.0,129.0,73.0,75.85714285714286,85.85714285714286,0.8660254037844386,0.5000000000000001,52.0,42.0,14.0,55.0,29.0
2022-02-14,109.0,98.0,68.0,95.0,47.0,101.0,109.0,60.0,51.0,72.0,119.0,74.0,82.57142857142857,83.64285714285714,0.8660254037844386,0.5000000000000001,70.0,41.0,19.0,55.0,29.0
2022-02-15,119.0,109.0,98.0,68.0,95.0,47.0,101.0,109.0,60.0,62.0,89.0,58.0,89.57142857142857,82.92857142857143,0.8660254037844386,0.5000000000000001,66.0,51.0,29.0,49.0,39.0
2022-02-16,110.0,119.0,109.0,98.0,68.0,95.0,47.0,101.0,109.0,51.0,101.0,56.0,91.0,85.07142857142857,0.8660254037844386,0.5000000000000001,74.0,52.0,33.0,61.0,38.0
2022-02-17,74.0,110.0,119.0,109.0,98.0,68.0,95.0,47.0,101.0,60.0,99.0,75.0,92.28571428571429,85.71428571428571,0.8660254037844386,0.5000000000000001,66.0,48.0,24.0,62.0,33.0
2022-02-18,118.0,74.0,110.0,119.0,109.0,98.0,68.0,95.0,47.0,109.0,72.0,84.0,96.14285714285714,83.92857142857143,0.8660254037844386,0.5000000000000001,53.0,45.0,19.0,86.0,29.0
2022-02-19,108.0,118.0,74.0,110.0,119.0,109.0,98.0,68.0,95.0,101.0,62.0,120.0,99.42857142857143,87.21428571428571,0.8660254037844386,0.5000000000000001,65.0,47.0,18.0,67.0,30.0
2022-02-20,115.0,108.0,118.0,74.0,110.0,119.0,109.0,98.0,68.0,47.0,51.0,129.0,105.14285714285714,90.5,0.8660254037844386,0.5000000000000001,67.0,44.0,23.0,69.0,37.0
2022-02-21,86.0,115.0,108.0,118.0,74.0,110.0,119.0,109.0,98.0,95.0,60.0,119.0,107.57142857142857,95.07142857142857,0.8660254037844386,0.5000000000000001,70.0,47.0,26.0,62.0,36.0
2022-02-22,92.0,86.0,115.0,108.0,118.0,74.0,110.0,119.0,109.0,68.0,109.0,89.0,104.28571428571429,96.92857142857143,0.8660254037844386,0.5000000000000001,54.0,41.0,21.0,50.0,35.0
2022-02-23,87.0,92.0,86.0,115.0,108.0,118.0,74.0,110.0,119.0,98.0,101.0,101.0,100.42857142857143,95.71428571428571,0.8660254037844386,0.5000000000000001,54.0,42.0,13.0,56.0,35.0
2022-02-24,71.0,87.0,92.0,86.0,115.0,108.0,118.0,74.0,110.0,109.0,47.0,99.0,97.14285714285714,94.71428571428571,0.8660254037844386,0.5000000000000001,55.0,49.0,16.0,43.0,38.0
2022-02-25,59.0,71.0,87.0,92.0,86.0,115.0,108.0,118.0,74.0,119.0,95.0,72.0,96.71428571428571,96.42857142857143,0.8660254037844386,0.5000000000000001,45.0,41.0,14.0,38.0,21.0
2022-02-26,60.0,59.0,71.0,87.0,92.0,86.0,115.0,108.0,118.0,110.0,68.0,62.0,88.28571428571429,93.85714285714286,0.8660254037844386,0.5000000000000001,50.0,40.0,15.0,28.0,17.0
2022-02-27,51.0,60.0,59.0,71.0,87.0,92.0,86.0,115.0,108.0,74.0,98.0,51.0,81.42857142857143,93.28571428571429,0.8660254037844386,0.5000000000000001,40.0,39.0,15.0,28.0,16.0
2022-02-28,50.0,51.0,60.0,59.0,71.0,87.0,92.0,86.0,115.0,118.0,109.0,60.0,72.28571428571429,89.92857142857143,0.8660254037844386,0.5000000000000001,31.0,39.0,14.0,30.0,12.0
2022-03-01,50.0,50.0,51.0,60.0,59.0,71.0,87.0,92.0,86.0,108.0,119.0,109.0,67.14285714285714,85.71428571428571,1.0,6.123233995736766e-17,27.0,40.0,12.0,30.0,11.0
2022-03-02,51.0,50.0,50.0,51.0,60.0,59.0,71.0,87.0,92.0,115.0,110.0,101.0,61.142857142857146,80.78571428571429,1.0,6.123233995736766e-17,27.0,44.0,11.0,17.0,12.0
2022-03-03,55.0,51.0,50.0,50.0,51.0,60.0,59.0,71.0,87.0,86.0,74.0,47.0,56.0,76.57142857142857,1.0,6.123233995736766e-17,32.0,46.0,15.0,24.0,15.0
2022-03-04,53.0,55.0,51.0,50.0,50.0,51.0,60.0,59.0,71.0,92.0,118.0,95.0,53.714285714285715,75.21428571428571,1.0,6.123233995736766e-17,30.0,43.0,12.0,35.0,18.0
2022-03-05,68.0,53.0,55.0,51.0,50.0,50.0,51.0,60.0,59.0,87.0,108.0,68.0,52.857142857142854,70.57142857142857,1.0,6.123233995736766e-17,32.0,41.0,13.0,45.0,20.0
2022-03-06,90.0,68.0,53.0,55.0,51.0,50.0,50.0,51.0,60.0,71.0,115.0,98.0,54.0,67.71428571428571,1.0,6.123233995736766e-17,48.0,40.0,17.0,36.0,22.0
2022-03-07,53.0,90.0,68.0,53.0,55.0,51.0,50.0,50.0,51.0,59.0,86.0,109.0,59.57142857142857,65.92857142857143,1.0,6.123233995736766e-17,53.0,38.0,21.0,28.0,18.0
2022-03-08,102.0,53.0,90.0,68.0,53.0,55.0,51.0,50.0,50.0,60.0,92.0,119.0,60.0,63.57142857142857,1.0,6.123233995736766e-17,29.0,37.0,13.0,37.0,13.0
2022-03-09,75.0,102.0,53.0,90.0,68.0,53.0,55.0,51.0,50.0,51.0,87.0,110.0,67.42857142857143,64.28571428571429,1.0,6.123233995736766e-17,55.0,40.0,15.0,45.0,25.0
2022-03-10,112.0,75.0,102.0,53.0,90.0,68.0,53.0,55.0,51.0,50.0,71.0,74.0,70.85714285714286,63.42857142857143,1.0,6.123233995736766e-17,50.0,40.0,20.0,58.0,28.0
2022-03-11,107.0,112.0,75.0,102.0,53.0,90.0,68.0,53.0,55.0,50.0,59.0,118.0,79.0,66.35714285714286,1.0,6.123233995736766e-17,60.0,42.0,24.0,79.0,40.0
2022-03-12,59.0,107.0,112.0,75.0,102.0,53.0,90.0,68.0,53.0,51.0,60.0,108.0,86.71428571428571,69.78571428571429,1.0,6.123233995736766e-17,77.0,46.0,23.0,52.0,52.0
2022-03-13,65.0,59.0,107.0,112.0,75.0,102.0,53.0,90.0,68.0,55.0,51.0,115.0,85.42857142857143,69.71428571428571,1.0,6.123233995736766e-17,50.0,39.0,13.0,41.0,21.0
2022-03-14,109.0,65.0,59.0,107.0,112.0,75.0,102.0,53.0,90.0,53.0,50.0,86.0,81.85714285714286,70.71428571428571,1.0,6.123233995736766e-17,46.0,43.0,18.0,36.0,20.0
2022-03-15,97.0,109.0,65.0,59.0,107.0,112.0,75.0,102.0,53.0,68.0,50.0,92.0,89.85714285714286,74.92857142857143,1.0,6.123233995736766e-17,60.0,39.0,25.0,80.0,31.0
2022-03-16,76.0,97.0,109.0,65.0,59.0,107.0,112.0,75.0,102.0,90.0,51.0,87.0,89.14285714285714,78.28571428571429,1.0,6.123233995736766e-17,56.0,41.0,22.0,54.0,28.0
2022-03-17,141.0,76.0,97.0,109.0,65.0,59.0,107.0,112.0,75.0,53.0,55.0,71.0,89.28571428571429,80.07142857142857,1.0,6.123233995736766e-17,51.0,41.0,21.0,53.0,25.0
2022-03-18,111.0,141.0,76.0,97.0,109.0,65.0,59.0,107.0,112.0,102.0,53.0,59.0,93.42857142857143,86.21428571428571,1.0,6.123233995736766e-17,77.0,40.0,23.0,77.0,28.0
2022-03-19,73.0,111.0,141.0,76.0,97.0,109.0,65.0,59.0,107.0,75.0,68.0,60.0,94.0,90.35714285714286,1.0,6.123233995736766e-17,67.0,40.0,23.0,69.0,32.0
2022-03-20,71.0,73.0,111.0,141.0,76.0,97.0,109.0,65.0,59.0,112.0,90.0,51.0,96.0,90.71428571428571,1.0,6.123233995736766e-17,46.0,40.0,15.0,48.0,20.0
2022-03-21,53.0,71.0,73.0,111.0,141.0,76.0,97.0,109.0,65.0,107.0,53.0,50.0,96.85714285714286,89.35714285714286,1.0,6.123233995736766e-17,55.0,39.0,13.0,34.0,14.0
2022-03-22,63.0,53.0,71.0,73.0,111.0,141.0,76.0,97.0,109.0,59.0,102.0,50.0,88.85714285714286,89.35714285714286,1.0,6.123233995736766e-17,38.0,38.0,10.0,34.0,8.0
2022-03-23,61.0,63.0,53.0,71.0,73.0,111.0,141.0,76.0,97.0,65.0,75.0,51.0,84.0,86.57142857142857,1.0,6.123233995736766e-17,50.0,38.0,12.0,35.0,17.0
2022-03-24,65.0,61.0,63.0,53.0,71.0,73.0,111.0,141.0,76.0,109.0,112.0,55.0,81.85714285714286,85.57142857142857,1.0,6.123233995736766e-17,46.0,41.0,16.0,34.0,19.0
2022-03-25,122.0,65.0,61.0,63.0,53.0,71.0,73.0,111.0,141.0,97.0,107.0,53.0,71.0,82.21428571428571,1.0,6.123233995736766e-17,43.0,43.0,15.0,40.0,22.0
2022-03-26,92.0,122.0,65.0,61.0,63.0,53.0,71.0,73.0,111.0,76.0,59.0,68.0,72.57142857142857,83.28571428571429,1.0,6.123233995736766e-17,90.0,51.0,19.0,70.0,29.0
2022-03-27,126.0,92.0,122.0,65.0,61.0,63.0,53.0,71.0,73.0,141.0,65.0,90.0,75.28571428571429,85.64285714285714,1.0,6.123233995736766e-17,67.0,43.0,17.0,49.0,29.0
2022-03-28,62.0,126.0,92.0,122.0,65.0,61.0,63.0,53.0,71.0,111.0,109.0,53.0,83.14285714285714,90.0,1.0,6.123233995736766e-17,84.0,46.0,49.0,42.0,51.0
2022-03-29,117.0,62.0,126.0,92.0,122.0,65.0,61.0,63.0,53.0,73.0,97.0,102.0,84.42857142857143,86.64285714285714,1.0,6.123233995736766e-17,49.0,40.0,12.0,59.0,28.0
2022-03-30,119.0,117.0,62.0,126.0,92.0,122.0,65.0,61.0,63.0,71.0,76.0,75.0,92.14285714285714,88.07142857142857,1.0,6.123233995736766e-17,61.0,44.0,17.0,52.0,31.0
2022-03-31,160.0,119.0,117.0,62.0,126.0,92.0,122.0,65.0,61.0,53.0,141.0,112.0,100.42857142857143,91.14285714285714,1.0,6.123233995736766e-17,75.0,42.0,20.0,109.0,35.0
2022-04-01,114.0,160.0,119.0,117.0,62.0,126.0,92.0,122.0,65.0,63.0,111.0,107.0,114.0,92.5,0.8660254037844387,-0.4999999999999998,95.0,49.0,34.0,137.0,34.0
2022-04-02,99.0,114.0,160.0,119.0,117.0,62.0,126.0,92.0,122.0,61.0,73.0,59.0,112.85714285714286,92.71428571428571,0.8660254037844387,-0.4999999999999998,74.0,47.0,19.0,76.0,38.0
2022-04-03,74.0,99.0,114.0,160.0,119.0,117.0,62.0,126.0,92.0,65.0,71.0,65.0,113.85714285714286,94.57142857142857,0.8660254037844387,-0.4999999999999998,61.0,42.0,18.0,70.0,28.0
2022-04-04,71.0,74.0,99.0,114.0,160.0,119.0,117.0,62.0,126.0,122.0,53.0,109.0,106.42857142857143,94.78571428571429,0.8660254037844387,-0.4999999999999998,51.0,39.0,14.0,40.0,17.0
2022-04-05,92.0,71.0,74.0,99.0,114.0,160.0,119.0,117.0,62.0,92.0,63.0,97.0,107.71428571428571,96.07142857142857,0.8660254037844387,-0.4999999999999998,49.0,43.0,23.0,69.0,27.0
2022-04-06,87.0,92.0,71.0,74.0,99.0,114.0,160.0,119.0,117.0,126.0,61.0,76.0,104.14285714285714,98.14285714285714,0.8660254037844387,-0.4999999999999998,73.0,53.0,19.0,73.0,43.0
2022-04-07,90.0,87.0,92.0,71.0,74.0,99.0,114.0,160.0,119.0,62.0,65.0,141.0,99.57142857142857,100.0,0.8660254037844387,-0.4999999999999998,54.0,40.0,20.0,57.0,32.0
2022-04-08,81.0,90.0,87.0,92.0,71.0,74.0,99.0,114.0,160.0,117.0,122.0,111.0,89.57142857142857,101.78571428571429,0.8660254037844387,-0.4999999999999998,58.0,42.0,22.0,62.0,35.0
2022-04-09,76.0,81.0,90.0,87.0,92.0,71.0,74.0,99.0,114.0,119.0,92.0,73.0,84.85714285714286,98.85714285714286,0.8660254037844387,-0.4999999999999998,52.0,40.0,17.0,50.0,29.0
2022-04-10,164.0,76.0,81.0,90.0,87.0,92.0,71.0,74.0,99.0,160.0,126.0,71.0,81.57142857142857,97.71428571428571,0.8660254037844387,-0.4999999999999998,50.0,42.0,21.0,59.0,28.0
2022-04-11,98.0,164.0,76.0,81.0,90.0,87.0,92.0,71.0,74.0,114.0,62.0,53.0,94.42857142857143,100.42857142857143,0.8660254037844387,-0.4999999999999998,82.0,46.0,27.0,80.0,38.0
2022-04-12,107.0,98.0,164.0,76.0,81.0,90.0,87.0,92.0,71.0,99.0,117.0,63.0,98.28571428571429,103.0,0.8660254037844387,-0.4999999999999998,63.0,44.0,17.0,95.0,31.0
2022-04-13,116.0,107.0,98.0,164.0,76.0,81.0,90.0,87.0,92.0,74.0,119.0,61.0,100.42857142857143,102.28571428571429,0.8660254037844387,-0.4999999999999998,71.0,52.0,22.0,78.0,43.0
2022-04-14,104.0,116.0,107.0,98.0,164.0,76.0,81.0,90.0,87.0,71.0,160.0,65.0,104.57142857142857,102.07142857142857,0.8660254037844387,-0.4999999999999998,78.0,42.0,21.0,118.0,40.0
2022-04-15,102.0,104.0,116.0,107.0,98.0,164.0,76.0,81.0,90.0,92.0,114.0,122.0,106.57142857142857,98.07142857142857,0.8660254037844387,-0.4999999999999998,66.0,44.0,14.0,111.0,25.0
2022-04-16,119.0,102.0,104.0,116.0,107.0,98.0,164.0,76.0,81.0,87.0,99.0,92.0,109.57142857142857,97.21428571428571,0.8660254037844387,-0.4999999999999998,61.0,41.0,15.0,81.0,28.0
2022-04-17,148.0,119.0,102.0,104.0,116.0,107.0,98.0,164.0,76.0,90.0,74.0,126.0,115.71428571428571,98.64285714285714,0.8660254037844387,-0.4999999999999998,63.0,46.0,16.0,91.0,21.0
2022-04-18,135.0,148.0,119.0,102.0,104.0,116.0,107.0,98.0,164.0,81.0,71.0,62.0,113.42857142857143,103.92857142857143,0.8660254037844387,-0.4999999999999998,76.0,52.0,21.0,93.0,24.0
2022-04-19,78.0,135.0,148.0,119.0,102.0,104.0,116.0,107.0,98.0,76.0,92.0,117.0,118.71428571428571,108.5,0.8660254037844387,-0.4999999999999998,73.0,40.0,13.0,88.0,14.0
2022-04-20,105.0,78.0,135.0,148.0,119.0,102.0,104.0,116.0,107.0,164.0,87.0,119.0,114.57142857142857,107.5,0.8660254037844387,-0.4999999999999998,52.0,41.0,13.0,84.0,29.0
2022-04-21,56.0,105.0,78.0,135.0,148.0,119.0,102.0,104.0,116.0,98.0,90.0,160.0,113.0,108.78571428571429,0.8660254037844387,-0.4999999999999998,61.0,42.0,18.0,69.0,34.0
2022-04-22,128.0,56.0,105.0,78.0,135.0,148.0,119.0,102.0,104.0,107.0,81.0,114.0,106.14285714285714,106.35714285714286,0.8660254037844387,-0.4999999999999998,46.0,41.0,15.0,43.0,24.0
2022-04-23,108.0,128.0,56.0,105.0,78.0,135.0,148.0,119.0,102.0,116.0,76.0,99.0,109.85714285714286,109.71428571428571,0.8660254037844387,-0.4999999999999998,83.0,49.0,25.0,52.0,42.0
2022-04-24,114.0,108.0,128.0,56.0,105.0,78.0,135.0,148.0,119.0,104.0,164.0,74.0,108.28571428571429,112.0,0.8660254037844387,-0.4999999999999998,60.0,42.0,30.0,52.0,43.0
2022-04-25,118.0,114.0,108.0,128.0,56.0,105.0,78.0,135.0,148.0,102.0,98.0,71.0,103.42857142857143,108.42857142857143,0.8660254037844387,-0.4999999999999998,63.0,41.0,24.0,82.0,30.0
2022-04-26,82.0,118.0,114.0,108.0,128.0,56.0,105.0,78.0,135.0,119.0,107.0,92.0,101.0,109.85714285714286,0.8660254037844387,-0.4999999999999998,60.0,44.0,14.0,99.0,28.0
2022-04-27,91.0,82.0,118.0,114.0,108.0,128.0,56.0,105.0,78.0,148.0,116.0,87.0,101.57142857142857,108.07142857142857,0.8660254037844387,-0.4999999999999998,59.0,41.0,13.0,70.0,29.0
2022-04-28,83.0,91.0,82.0,118.0,114.0,108.0,128.0,56.0,105.0,135.0,104.0,90.0,99.57142857142857,106.28571428571429,0.8660254037844387,-0.4999999999999998,47.0,44.0,13.0,45.0,26.0
2022-04-29,60.0,83.0,91.0,82.0,118.0,114.0,108.0,128.0,56.0,78.0,102.0,81.0,103.42857142857143,104.78571428571429,0.8660254037844387,-0.4999999999999998,42.0,41.0,12.0,59.0,20.0
2022-04-30,53.0,60.0,83.0,91.0,82.0,118.0,114.0,108.0,128.0,105.0,119.0,76.0,93.71428571428571,101.78571428571429,0.8660254037844387,-0.4999999999999998,35.0,40.0,10.0,46.0,16.0
2022-05-01,126.0,53.0,60.0,83.0,91.0,82.0,118.0,114.0,108.0,56.0,148.0,164.0,85.85714285714286,97.07142857142857,0.49999999999999994,-0.8660254037844387,39.0,38.0,16.0,17.0,6.0
2022-05-02,90.0,126.0,53.0,60.0,83.0,91.0,82.0,118.0,114.0,128.0,135.0,98.0,87.57142857142857,95.5,0.49999999999999994,-0.8660254037844387,66.0,48.0,24.0,61.0,26.0
2022-05-03,58.0,90.0,126.0,53.0,60.0,83.0,91.0,82.0,118.0,108.0,78.0,107.0,83.57142857142857,92.28571428571429,0.49999999999999994,-0.8660254037844387,58.0,41.0,16.0,82.0,17.0
2022-05-04,85.0,58.0,90.0,126.0,53.0,60.0,83.0,91.0,82.0,114.0,105.0,116.0,80.14285714285714,90.85714285714286,0.49999999999999994,-0.8660254037844387,36.0,40.0,13.0,58.0,23.0
2022-05-05,102.0,85.0,58.0,90.0,126.0,53.0,60.0,83.0,91.0,118.0,56.0,104.0,79.28571428571429,89.42857142857143,0.49999999999999994,-0.8660254037844387,51.0,41.0,11.0,77.0,18.0
2022-05-06,73.0,102.0,85.0,58.0,90.0,126.0,53.0,60.0,83.0,82.0,128.0,102.0,82.0,92.71428571428571,0.49999999999999994,-0.8660254037844387,53.0,41.0,13.0,72.0,20.0
2022-05-07,92.0,73.0,102.0,85.0,58.0,90.0,126.0,53.0,60.0,91.0,108.0,119.0,83.85714285714286,88.78571428571429,0.49999999999999994,-0.8660254037844387,39.0,42.0,10.0,58.0,12.0
2022-05-08,98.0,92.0,73.0,102.0,85.0,58.0,90.0,126.0,53.0,83.0,114.0,148.0,89.42857142857143,87.64285714285714,0.49999999999999994,-0.8660254037844387,56.0,41.0,12.0,82.0,13.0
2022-05-09,95.0,98.0,92.0,73.0,102.0,85.0,58.0,90.0,126.0,60.0,118.0,135.0,85.42857142857143,86.5,0.49999999999999994,-0.8660254037844387,63.0,42.0,19.0,76.0,21.0
2022-05-10,86.0,95.0,98.0,92.0,73.0,102.0,85.0,58.0,90.0,53.0,82.0,78.0,86.14285714285714,84.85714285714286,0.49999999999999994,-0.8660254037844387,58.0,44.0,12.0,73.0,24.0
2022-05-11,75.0,86.0,95.0,98.0,92.0,73.0,102.0,85.0,58.0,126.0,91.0,105.0,90.14285714285714,85.14285714285714,0.49999999999999994,-0.8660254037844387,54.0,50.0,17.0,74.0,28.0
2022-05-12,85.0,75.0,86.0,95.0,98.0,92.0,73.0,102.0,85.0,90.0,83.0,56.0,88.71428571428571,84.0,0.49999999999999994,-0.8660254037844387,54.0,41.0,12.0,81.0,26.0
2022-05-13,55.0,85.0,75.0,86.0,95.0,98.0,92.0,73.0,102.0,58.0,60.0,128.0,86.28571428571429,84.14285714285714,0.49999999999999994,-0.8660254037844387,61.0,54.0,13.0,63.0,25.0
2022-05-14,101.0,55.0,85.0,75.0,86.0,95.0,98.0,92.0,73.0,85.0,53.0,108.0,83.71428571428571,83.78571428571429,0.49999999999999994,-0.8660254037844387,34.0,44.0,8.0,65.0,20.0
2022-05-15,126.0,101.0,55.0,85.0,75.0,86.0,95.0,98.0,92.0,102.0,126.0,114.0,85.0,87.21428571428571,0.49999999999999994,-0.8660254037844387,57.0,44.0,14.0,72.0,30.0
2022-05-16,100.0,126.0,101.0,55.0,85.0,75.0,86.0,95.0,98.0,73.0,90.0,118.0,89.0,87.21428571428571,0.49999999999999994,-0.8660254037844387,77.0,42.0,19.0,87.0,23.0
2022-05-17,128.0,100.0,126.0,101.0,55.0,85.0,75.0,86.0,95.0,92.0,58.0,82.0,89.71428571428571,87.92857142857143,0.49999999999999994,-0.8660254037844387,58.0,42.0,22.0,81.0,31.0
2022-05-18,99.0,128.0,100.0,126.0,101.0,55.0,85.0,75.0,86.0,98.0,85.0,91.0,95.71428571428571,92.92857142857143,0.49999999999999994,-0.8660254037844387,66.0,42.0,22.0,77.0,31.0
2022-05-19,136.0,99.0,128.0,100.0,126.0,101.0,55.0,85.0,75.0,95.0,102.0,83.0,99.14285714285714,93.92857142857143,0.49999999999999994,-0.8660254037844387,62.0,42.0,15.0,89.0,24.0
2022-05-20,128.0,136.0,99.0,128.0,100.0,126.0,101.0,55.0,85.0,86.0,73.0,60.0,106.42857142857143,96.35714285714286,0.49999999999999994,-0.8660254037844387,75.0,43.0,28.0,64.0,46.0
2022-05-21,82.0,128.0,136.0,99.0,128.0,100.0,126.0,101.0,55.0,75.0,92.0,53.0,116.85714285714286,100.28571428571429,0.49999999999999994,-0.8660254037844387,70.0,43.0,24.0,71.0,43.0
2022-05-22,110.0,82.0,128.0,136.0,99.0,128.0,100.0,126.0,101.0,85.0,98.0,126.0,114.14285714285714,99.57142857142857,0.49999999999999994,-0.8660254037844387,58.0,44.0,20.0,58.0,32.0
2022-05-23,123.0,110.0,82.0,128.0,136.0,99.0,128.0,100.0,126.0,55.0,95.0,90.0,111.85714285714286,100.42857142857143,0.49999999999999994,-0.8660254037844387,58.0,44.0,17.0,55.0,25.0
2022-05-24,98.0,123.0,110.0,82.0,128.0,136.0,99.0,128.0,100.0,101.0,86.0,58.0,115.14285714285714,102.42857142857143,0.49999999999999994,-0.8660254037844387,68.0,47.0,17.0,53.0,24.0
2022-05-25,121.0,98.0,123.0,110.0,82.0,128.0,136.0,99.0,128.0,126.0,75.0,85.0,110.85714285714286,103.28571428571429,0.49999999999999994,-0.8660254037844387,58.0,46.0,11.0,54.0,21.0
2022-05-26,93.0,121.0,98.0,123.0,110.0,82.0,128.0,136.0,99.0,100.0,85.0,102.0,114.0,106.57142857142857,0.49999999999999994,-0.8660254037844387,74.0,48.0,16.0,58.0,27.0
2022-05-27,146.0,93.0,121.0,98.0,123.0,110.0,82.0,128.0,136.0,128.0,55.0,73.0,107.85714285714286,107.14285714285714,0.49999999999999994,-0.8660254037844387,57.0,45.0,15.0,52.0,26.0
2022-05-28,105.0,146.0,93.0,121.0,98.0,123.0,110.0,82.0,128.0,99.0,101.0,92.0,110.42857142857143,113.64285714285714,0.49999999999999994,-0.8660254037844387,79.0,52.0,25.0,76.0,35.0
2022-05-29,107.0,105.0,146.0,93.0,121.0,98.0,123.0,110.0,82.0,136.0,126.0,98.0,113.71428571428571,113.92857142857143,0.49999999999999994,-0.8660254037844387,57.0,43.0,17.0,82.0,33.0
2022-05-30,89.0,107.0,105.0,146.0,93.0,121.0,98.0,123.0,110.0,128.0,100.0,95.0,113.28571428571429,112.57142857142857,0.49999999999999994,-0.8660254037844387,64.0,43.0,23.0,65.0,40.0
2022-05-31,100.0,89.0,107.0,105.0,146.0,93.0,121.0,98.0,123.0,82.0,128.0,86.0,108.42857142857143,111.78571428571429,0.49999999999999994,-0.8660254037844387,51.0,45.0,17.0,58.0,31.0
2022-06-01,77.0,100.0,89.0,107.0,105.0,146.0,93.0,121.0,98.0,110.0,99.0,75.0,108.71428571428571,109.78571428571429,1.2246467991473532e-16,-1.0,63.0,44.0,44.0,59.0,44.0
2022-06-02,100.0,77.0,100.0,89.0,107.0,105.0,146.0,93.0,121.0,123.0,136.0,85.0,102.42857142857143,108.21428571428571,1.2246467991473532e-16,-1.0,53.0,43.0,18.0,55.0,27.0
2022-06-03,68.0,100.0,77.0,100.0,89.0,107.0,105.0,146.0,93.0,98.0,128.0,55.0,103.42857142857143,105.64285714285714,1.2246467991473532e-16,-1.0,56.0,44.0,15.0,76.0,33.0
2022-06-04,136.0,68.0,100.0,77.0,100.0,89.0,107.0,105.0,146.0,121.0,82.0,101.0,92.28571428571429,101.35714285714286,1.2246467991473532e-16,-1.0,51.0,44.0,20.0,72.0,36.0
2022-06-05,116.0,136.0,68.0,100.0,77.0,100.0,89.0,107.0,105.0,93.0,110.0,126.0,96.71428571428571,105.21428571428571,1.2246467991473532e-16,-1.0,78.0,44.0,26.0,92.0,51.0
2022-06-06,111.0,116.0,136.0,68.0,100.0,77.0,100.0,89.0,107.0,146.0,123.0,100.0,98.0,105.64285714285714,1.2246467991473532e-16,-1.0,62.0,45.0,15.0,87.0,27.0
2022-06-07,76.0,111.0,116.0,136.0,68.0,100.0,77.0,100.0,89.0,105.0,98.0,128.0,101.14285714285714,104.78571428571429,1.2246467991473532e-16,-1.0,64.0,44.0,21.0,62.0,35.0
2022-06-08,110.0,76.0,111.0,116.0,136.0,68.0,100.0,77.0,100.0,107.0,121.0,99.0,97.71428571428571,103.21428571428571,1.2246467991473532e-16,-1.0,61.0,44.0,18.0,50.0,32.0
2022-06-09,97.0,110.0,76.0,111.0,116.0,136.0,68.0,100.0,77.0,89.0,93.0,136.0,102.42857142857143,102.42857142857143,1.2246467991473532e-16,-1.0,65.0,44.0,18.0,54.0,25.0
2022-06-10,82.0,97.0,110.0,76.0,111.0,116.0,136.0,68.0,100.0,100.0,146.0,128.0,102.0,102.71428571428571,1.2246467991473532e-16,-1.0,65.0,51.0,27.0,34.0,46.0
2022-06-11,92.0,82.0,97.0,110.0,76.0,111.0,116.0,136.0,68.0,77.0,105.0,82.0,104.0,98.14285714285714,1.2246467991473532e-16,-1.0,56.0,44.0,26.0,49.0,36.0
2022-06-12,112.0,92.0,82.0,97.0,110.0,76.0,111.0,116.0,136.0,100.0,107.0,110.0,97.71428571428571,97.21428571428571,1.2246467991473532e-16,-1.0,58.0,45.0,15.0,67.0,28.0
2022-06-13,97.0,112.0,92.0,82.0,97.0,110.0,76.0,111.0,116.0,68.0,89.0,123.0,97.14285714285714,97.57142857142857,1.2246467991473532e-16,-1.0,61.0,45.0,22.0,71.0,33.0
2022-06-14,112.0,97.0,112.0,92.0,82.0,97.0,110.0,76.0,111.0,136.0,100.0,98.0,95.14285714285714,98.14285714285714,1.2246467991473532e-16,-1.0,61.0,46.0,22.0,71.0,38.0
2022-06-15,141.0,112.0,97.0,112.0,92.0,82.0,97.0,110.0,76.0,116.0,77.0,121.0,100.28571428571429,99.0,1.2246467991473532e-16,-1.0,75.0,49.0,27.0,52.0,50.0
2022-06-16,146.0,141.0,112.0,97.0,112.0,92.0,82.0,97.0,110.0,111.0,100.0,93.0,104.71428571428571,103.57142857142857,1.2246467991473532e-16,-1.0,80.0,45.0,25.0,44.0,43.0
2022-06-17,130.0,146.0,141.0,112.0,97.0,112.0,92.0,82.0,97.0,76.0,68.0,146.0,111.71428571428571,106.85714285714286,1.2246467991473532e-16,-1.0,79.0,46.0,32.0,50.0,45.0
2022-06-18,117.0,130.0,146.0,141.0,112.0,97.0,112.0,92.0,82.0,110.0,136.0,105.0,118.57142857142857,111.28571428571429,1.2246467991473532e-16,-1.0,85.0,45.0,25.0,50.0,37.0
2022-06-19,118.0,117.0,130.0,146.0,141.0,112.0,97.0,112.0,92.0,97.0,116.0,107.0,122.14285714285714,109.92857142857143,1.2246467991473532e-16,-1.0,75.0,45.0,30.0,58.0,42.0
2022-06-20,131.0,118.0,117.0,130.0,146.0,141.0,112.0,97.0,112.0,82.0,111.0,89.0,123.0,110.07142857142857,1.2246467991473532e-16,-1.0,73.0,47.0,23.0,82.0,37.0
2022-06-21,114.0,131.0,118.0,117.0,130.0,146.0,141.0,112.0,97.0,92.0,76.0,100.0,127.85714285714286,111.5,1.2246467991473532e-16,-1.0,78.0,45.0,17.0,99.0,27.0
2022-06-22,123.0,114.0,131.0,118.0,117.0,130.0,146.0,141.0,112.0,112.0,110.0,77.0,128.14285714285714,114.21428571428571,1.2246467991473532e-16,-1.0,79.0,47.0,18.0,70.0,32.0
2022-06-23,119.0,123.0,114.0,131.0,118.0,117.0,130.0,146.0,141.0,97.0,97.0,100.0,125.57142857142857,115.14285714285714,1.2246467991473532e-16,-1.0,71.0,47.0,17.0,72.0,27.0
2022-06-24,123.0,119.0,123.0,114.0,131.0,118.0,117.0,130.0,146.0,112.0,82.0,68.0,121.71428571428571,116.71428571428571,1.2246467991473532e-16,-1.0,82.0,46.0,19.0,68.0,32.0
2022-06-25,131.0,123.0,119.0,123.0,114.0,131.0,118.0,117.0,130.0,141.0,92.0,136.0,120.71428571428571,119.64285714285714,1.2246467991473532e-16,-1.0,85.0,46.0,22.0,77.0,38.0
2022-06-26,106.0,131.0,123.0,119.0,123.0,114.0,131.0,118.0,117.0,146.0,112.0,116.0,122.71428571428571,122.42857142857143,1.2246467991473532e-16,-1.0,82.0,46.0,23.0,60.0,31.0
2022-06-27,102.0,106.0,131.0,123.0,119.0,123.0,114.0,131.0,118.0,130.0,97.0,111.0,121.0,122.0,1.2246467991473532e-16,-1.0,68.0,45.0,22.0,69.0,36.0
2022-06-28,82.0,102.0,106.0,131.0,123.0,119.0,123.0,114.0,131.0,117.0,112.0,76.0,116.85714285714286,122.35714285714286,1.2246467991473532e-16,-1.0,74.0,45.0,22.0,76.0,33.0
2022-06-29,79.0,82.0,102.0,106.0,131.0,123.0,119.0,123.0,114.0,118.0,141.0,110.0,112.28571428571429,120.21428571428571,1.2246467991473532e-16,-1.0,57.0,46.0,16.0,82.0,29.0
2022-06-30,117.0,79.0,82.0,102.0,106.0,131.0,123.0,119.0,123.0,131.0,146.0,97.0,106.0,115.78571428571429,1.2246467991473532e-16,-1.0,59.0,46.0,14.0,72.0,32.0
2022-07-01,111.0,117.0,79.0,82.0,102.0,106.0,131.0,123.0,119.0,114.0,130.0,82.0,105.71428571428571,113.71428571428571,-0.4999999999999997,-0.8660254037844388,68.0,48.0,13.0,84.0,26.0
2022-07-02,137.0,111.0,117.0,79.0,82.0,102.0,106.0,131.0,123.0,123.0,117.0,92.0,104.0,112.35714285714286,-0.4999999999999997,-0.8660254037844388,73.0,49.0,15.0,87.0,31.0
2022-07-03,126.0,137.0,111.0,117.0,79.0,82.0,102.0,106.0,131.0,119.0,118.0,112.0,104.85714285714286,113.78571428571429,-0.4999999999999997,-0.8660254037844388,81.0,47.0,18.0,106.0,29.0
2022-07-04,78.0,126.0,137.0,111.0,117.0,79.0,82.0,102.0,106.0,123.0,131.0,97.0,107.71428571428571,114.35714285714286,-0.4999999999999997,-0.8660254037844388,78.0,48.0,17.0,126.0,25.0
2022-07-05,110.0,78.0,126.0,137.0,111.0,117.0,79.0,82.0,102.0,131.0,114.0,112.0,104.28571428571429,110.57142857142857,-0.4999999999999997,-0.8660254037844388,56.0,49.0,11.0,60.0,13.0
2022-07-06,129.0,110.0,78.0,126.0,137.0,111.0,117.0,79.0,82.0,106.0,123.0,141.0,108.28571428571429,110.28571428571429,-0.4999999999999997,-0.8660254037844388,66.0,47.0,16.0,61.0,23.0
2022-07-07,135.0,129.0,110.0,78.0,126.0,137.0,111.0,117.0,79.0,102.0,119.0,146.0,115.42857142857143,110.71428571428571,-0.4999999999999997,-0.8660254037844388,75.0,45.0,25.0,71.0,26.0
2022-07-08,80.0,135.0,129.0,110.0,78.0,126.0,137.0,111.0,117.0,82.0,123.0,130.0,118.0,111.85714285714286,-0.4999999999999997,-0.8660254037844388,94.0,46.0,29.0,74.0,44.0
2022-07-09,93.0,80.0,135.0,129.0,110.0,78.0,126.0,137.0,111.0,79.0,131.0,117.0,113.57142857142857,108.78571428571429,-0.4999999999999997,-0.8660254037844388,55.0,48.0,17.0,95.0,25.0
2022-07-10,93.0,93.0,80.0,135.0,129.0,110.0,78.0,126.0,137.0,117.0,106.0,118.0,107.28571428571429,106.07142857142857,-0.4999999999999997,-0.8660254037844388,61.0,48.0,13.0,107.0,25.0
2022-07-11,112.0,93.0,93.0,80.0,135.0,129.0,110.0,78.0,126.0,111.0,102.0,131.0,102.57142857142857,105.14285714285714,-0.4999999999999997,-0.8660254037844388,63.0,47.0,13.0,84.0,19.0
2022-07-12,123.0,112.0,93.0,93.0,80.0,135.0,129.0,110.0,78.0,137.0,82.0,114.0,107.42857142857143,105.85714285714286,-0.4999999999999997,-0.8660254037844388,66.0,47.0,15.0,84.0,29.0
2022-07-13,114.0,123.0,112.0,93.0,93.0,80.0,135.0,129.0,110.0,126.0,79.0,123.0,109.28571428571429,108.78571428571429,-0.4999999999999997,-0.8660254037844388,77.0,49.0,17.0,84.0,28.0
2022-07-14,125.0,114.0,123.0,112.0,93.0,93.0,80.0,135.0,129.0,78.0,117.0,119.0,107.14285714285714,111.28571428571429,-0.4999999999999997,-0.8660254037844388,69.0,48.0,16.0,65.0,29.0
2022-07-15,86.0,125.0,114.0,123.0,112.0,93.0,93.0,80.0,135.0,110.0,111.0,123.0,105.71428571428571,111.85714285714286,-0.4999999999999997,-0.8660254037844388,85.0,47.0,25.0,57.0,33.0
2022-07-16,59.0,86.0,125.0,114.0,123.0,112.0,93.0,93.0,80.0,129.0,137.0,131.0,106.57142857142857,110.07142857142857,-0.4999999999999997,-0.8660254037844388,58.0,49.0,12.0,65.0,18.0
2022-07-17,89.0,59.0,86.0,125.0,114.0,123.0,112.0,93.0,93.0,135.0,126.0,106.0,101.71428571428571,104.5,-0.4999999999999997,-0.8660254037844388,36.0,46.0,15.0,48.0,31.0
2022-07-18,143.0,89.0,59.0,86.0,125.0,114.0,123.0,112.0,93.0,80.0,78.0,102.0,101.14285714285714,101.85714285714286,-0.4999999999999997,-0.8660254037844388,59.0,48.0,28.0,51.0,36.0
2022-07-19,114.0,143.0,89.0,59.0,86.0,125.0,114.0,123.0,112.0,93.0,110.0,82.0,105.57142857142857,106.5,-0.4999999999999997,-0.8660254037844388,75.0,48.0,30.0,84.0,36.0
2022-07-20,124.0,114.0,143.0,89.0,59.0,86.0,125.0,114.0,123.0,93.0,129.0,79.0,104.28571428571429,106.78571428571429,-0.4999999999999997,-0.8660254037844388,75.0,50.0,15.0,98.0,25.0
2022-07-21,110.0,124.0,114.0,143.0,89.0,59.0,86.0,125.0,114.0,112.0,135.0,117.0,105.71428571428571,106.42857142857143,-0.4999999999999997,-0.8660254037844388,76.0,49.0,18.0,94.0,26.0
2022-07-22,121.0,110.0,124.0,114.0,143.0,89.0,59.0,86.0,125.0,123.0,80.0,111.0,103.57142857142857,104.64285714285714,-0.4999999999999997,-0.8660254037844388,75.0,50.0,15.0,114.0,28.0
2022-07-23,99.0,121.0,110.0,124.0,114.0,143.0,89.0,59.0,86.0,114.0,93.0,137.0,108.57142857142857,107.57142857142857,-0.4999999999999997,-0.8660254037844388,74.0,50.0,17.0,96.0,25.0
2022-07-24,82.0,99.0,121.0,110.0,124.0,114.0,143.0,89.0,59.0,125.0,93.0,126.0,114.28571428571429,108.0,-0.4999999999999997,-0.8660254037844388,61.0,50.0,14.0,67.0,19.0
2022-07-25,87.0,82.0,99.0,121.0,110.0,124.0,114.0,143.0,89.0,86.0,112.0,78.0,113.28571428571429,107.21428571428571,-0.4999999999999997,-0.8660254037844388,54.0,47.0,14.0,94.0,21.0
2022-07-26,110.0,87.0,82.0,99.0,121.0,110.0,124.0,114.0,143.0,59.0,123.0,110.0,105.28571428571429,105.42857142857143,-0.4999999999999997,-0.8660254037844388,56.0,46.0,16.0,91.0,24.0
2022-07-27,116.0,110.0,87.0,82.0,99.0,121.0,110.0,124.0,114.0,89.0,114.0,129.0,104.71428571428571,104.5,-0.4999999999999997,-0.8660254037844388,67.0,49.0,16.0,85.0,20.0
2022-07-28,132.0,116.0,110.0,87.0,82.0,99.0,121.0,110.0,124.0,143.0,125.0,135.0,103.57142857142857,104.64285714285714,-0.4999999999999997,-0.8660254037844388,70.0,50.0,14.0,118.0,24.0
2022-07-29,123.0,132.0,116.0,110.0,87.0,82.0,99.0,121.0,110.0,114.0,86.0,80.0,106.71428571428571,105.14285714285714,-0.4999999999999997,-0.8660254037844388,82.0,50.0,16.0,90.0,30.0
2022-07-30,118.0,123.0,132.0,116.0,110.0,87.0,82.0,99.0,121.0,124.0,59.0,93.0,107.0,107.78571428571429,-0.4999999999999997,-0.8660254037844388,74.0,50.0,12.0,86.0,22.0
2022-07-31,143.0,118.0,123.0,132.0,116.0,110.0,87.0,82.0,99.0,110.0,89.0,93.0,109.71428571428571,112.0,-0.4999999999999997,-0.8660254037844388,66.0,49.0,15.0,95.0,22.0
2022-08-01,109.0,143.0,118.0,123.0,132.0,116.0,110.0,87.0,82.0,121.0,143.0,112.0,118.42857142857143,115.85714285714286,-0.8660254037844384,-0.5000000000000004,80.0,49.0,17.0,115.0,27.0
2022-08-02,113.0,109.0,143.0,118.0,123.0,132.0,116.0,110.0,87.0,99.0,114.0,123.0,121.57142857142857,113.42857142857143,-0.8660254037844384,-0.5000000000000004,68.0,50.0,12.0,91.0,19.0
2022-08-03,141.0,113.0,109.0,143.0,118.0,123.0,132.0,116.0,110.0,82.0,124.0,114.0,122.0,113.35714285714286,-0.8660254037844384,-0.5000000000000004,67.0,50.0,15.0,84.0,28.0
2022-08-04,99.0,141.0,113.0,109.0,143.0,118.0,123.0,132.0,116.0,87.0,110.0,125.0,125.57142857142857,114.57142857142857,-0.8660254037844384,-0.5000000000000004,82.0,51.0,19.0,129.0,24.0
2022-08-05,82.0,99.0,141.0,113.0,109.0,143.0,118.0,123.0,132.0,110.0,121.0,86.0,120.85714285714286,113.78571428571429,-0.8660254037844384,-0.5000000000000004,69.0,48.0,15.0,82.0,20.0
2022-08-06,101.0,82.0,99.0,141.0,113.0,109.0,143.0,118.0,123.0,116.0,99.0,59.0,115.0,111.0,-0.8660254037844384,-0.5000000000000004,60.0,47.0,17.0,79.0,26.0
2022-08-07,119.0,101.0,82.0,99.0,141.0,113.0,109.0,143.0,118.0,132.0,82.0,89.0,112.57142857142857,111.14285714285714,-0.8660254037844384,-0.5000000000000004,69.0,49.0,19.0,87.0,29.0
2022-08-08,84.0,119.0,101.0,82.0,99.0,141.0,113.0,109.0,143.0,123.0,87.0,143.0,109.14285714285714,113.78571428571429,-0.8660254037844384,-0.5000000000000004,76.0,50.0,18.0,114.0,29.0
2022-08-09,88.0,84.0,119.0,101.0,82.0,99.0,141.0,113.0,109.0,118.0,110.0,114.0,105.57142857142857,113.57142857142857,-0.8660254037844384,-0.5000000000000004,60.0,48.0,18.0,97.0,27.0
2022-08-10,116.0,88.0,84.0,119.0,101.0,82.0,99.0,141.0,113.0,143.0,116.0,124.0,102.0,112.0,-0.8660254037844384,-0.5000000000000004,61.0,50.0,14.0,103.0,21.0
2022-08-11,107.0,116.0,88.0,84.0,119.0,101.0,82.0,99.0,141.0,109.0,132.0,110.0,98.42857142857143,112.0,-0.8660254037844384,-0.5000000000000004,73.0,49.0,19.0,82.0,29.0
2022-08-12,94.0,107.0,116.0,88.0,84.0,119.0,101.0,82.0,99.0,113.0,123.0,121.0,99.57142857142857,110.21428571428571,-0.8660254037844384,-0.5000000000000004,74.0,52.0,19.0,80.0,27.0
2022-08-13,77.0,94.0,107.0,116.0,88.0,84.0,119.0,101.0,82.0,141.0,118.0,99.0,101.28571428571429,108.14285714285714,-0.8660254037844384,-0.5000000000000004,65.0,49.0,17.0,97.0,25.0
2022-08-14,93.0,77.0,94.0,107.0,116.0,88.0,84.0,119.0,101.0,99.0,143.0,82.0,97.85714285714286,105.21428571428571,-0.8660254037844384,-0.5000000000000004,58.0,48.0,21.0,76.0,36.0
2022-08-15,84.0,93.0,77.0,94.0,107.0,116.0,88.0,84.0,119.0,82.0,109.0,87.0,94.14285714285714,101.64285714285714,-0.8660254037844384,-0.5000000000000004,68.0,50.0,14.0,80.0,20.0
2022-08-16,89.0,84.0,93.0,77.0,94.0,107.0,116.0,88.0,84.0,101.0,113.0,110.0,94.14285714285714,99.85714285714286,-0.8660254037844384,-0.5000000000000004,64.0,50.0,17.0,63.0,28.0
2022-08-17,78.0,89.0,84.0,93.0,77.0,94.0,107.0,116.0,88.0,119.0,141.0,116.0,94.28571428571429,98.14285714285714,-0.8660254037844384,-0.5000000000000004,61.0,51.0,15.0,181.0,33.0
2022-08-18,89.0,78.0,89.0,84.0,93.0,77.0,94.0,107.0,116.0,84.0,99.0,132.0,88.85714285714286,93.64285714285714,-0.8660254037844384,-0.5000000000000004,55.0,48.0,17.0,108.0,25.0
2022-08-19,105.0,89.0,78.0,89.0,84.0,93.0,77.0,94.0,107.0,88.0,82.0,123.0,86.28571428571429,92.92857142857143,-0.8660254037844384,-0.5000000000000004,64.0,49.0,25.0,84.0,28.0
2022-08-20,117.0,105.0,89.0,78.0,89.0,84.0,93.0,77.0,94.0,116.0,101.0,118.0,87.85714285714286,94.57142857142857,-0.8660254037844384,-0.5000000000000004,70.0,49.0,14.0,66.0,26.0
2022-08-21,101.0,117.0,105.0,89.0,78.0,89.0,84.0,93.0,77.0,107.0,119.0,143.0,93.57142857142857,95.71428571428571,-0.8660254037844384,-0.5000000000000004,76.0,50.0,14.0,69.0,18.0
2022-08-22,78.0,101.0,117.0,105.0,89.0,78.0,89.0,84.0,93.0,94.0,84.0,109.0,94.71428571428571,94.42857142857143,-0.8660254037844384,-0.5000000000000004,59.0,49.0,13.0,65.0,17.0
2022-08-23,116.0,78.0,101.0,117.0,105.0,89.0,78.0,89.0,84.0,77.0,88.0,113.0,93.85714285714286,94.0,-0.8660254037844384,-0.5000000000000004,57.0,49.0,13.0,79.0,22.0
2022-08-24,119.0,116.0,78.0,101.0,117.0,105.0,89.0,78.0,89.0,93.0,116.0,141.0,97.71428571428571,96.0,-0.8660254037844384,-0.5000000000000004,76.0,49.0,17.0,81.0,27.0
2022-08-25,98.0,119.0,116.0,78.0,101.0,117.0,105.0,89.0,78.0,84.0,107.0,99.0,103.57142857142857,96.21428571428571,-0.8660254037844384,-0.5000000000000004,71.0,50.0,15.0,82.0,20.0
2022-08-26,119.0,98.0,119.0,116.0,78.0,101.0,117.0,105.0,89.0,89.0,94.0,82.0,104.85714285714286,95.57142857142857,-0.8660254037844384,-0.5000000000000004,64.0,50.0,12.0,66.0,19.0
2022-08-27,130.0,119.0,98.0,119.0,116.0,78.0,101.0,117.0,105.0,78.0,77.0,101.0,106.85714285714286,97.35714285714286,-0.8660254037844384,-0.5000000000000004,76.0,53.0,19.0,53.0,31.0
2022-08-28,85.0,130.0,119.0,98.0,119.0,116.0,78.0,101.0,117.0,89.0,93.0,119.0,108.71428571428571,101.14285714285714,-0.8660254037844384,-0.5000000000000004,80.0,50.0,25.0,57.0,37.0
2022-08-29,82.0,85.0,130.0,119.0,98.0,119.0,116.0,78.0,101.0,105.0,84.0,84.0,106.42857142857143,100.57142857142857,-0.8660254037844384,-0.5000000000000004,64.0,49.0,17.0,56.0,30.0
2022-08-30,84.0,82.0,85.0,130.0,119.0,98.0,119.0,116.0,78.0,117.0,89.0,88.0,107.0,100.42857142857143,-0.8660254037844384,-0.5000000000000004,58.0,49.0,16.0,55.0,29.0
2022-08-31,148.0,84.0,82.0,85.0,130.0,119.0,98.0,119.0,116.0,101.0,78.0,116.0,102.42857142857143,100.07142857142857,-0.8660254037844384,-0.5000000000000004,59.0,50.0,15.0,56.0,29.0
2022-09-01,130.0,148.0,84.0,82.0,85.0,130.0,119.0,98.0,119.0,78.0,89.0,107.0,106.57142857142857,105.07142857142857,-1.0,-1.8369701987210297e-16,85.0,51.0,25.0,74.0,37.0
2022-09-02,108.0,130.0,148.0,84.0,82.0,85.0,130.0,119.0,98.0,116.0,105.0,94.0,111.14285714285714,108.0,-1.0,-1.8369701987210297e-16,83.0,51.0,15.0,42.0,25.0
2022-09-03,102.0,108.0,130.0,148.0,84.0,82.0,85.0,130.0,119.0,119.0,117.0,77.0,109.57142857142857,108.21428571428571,-1.0,-1.8369701987210297e-16,71.0,51.0,21.0,35.0,32.0
2022-09-04,76.0,102.0,108.0,130.0,148.0,84.0,82.0,85.0,130.0,98.0,101.0,93.0,105.57142857142857,107.14285714285714,-1.0,-1.8369701987210297e-16,64.0,50.0,18.0,37.0,31.0
2022-09-05,105.0,76.0,102.0,108.0,130.0,148.0,84.0,82.0,85.0,119.0,78.0,84.0,104.28571428571429,105.35714285714286,-1.0,-1.8369701987210297e-16,42.0,50.0,9.0,33.0,14.0
2022-09-06,86.0,105.0,76.0,102.0,108.0,130.0,148.0,84.0,82.0,130.0,116.0,89.0,107.57142857142857,107.28571428571429,-1.0,-1.8369701987210297e-16,59.0,51.0,15.0,45.0,23.0
2022-09-07,79.0,86.0,105.0,76.0,102.0,108.0,130.0,148.0,84.0,85.0,119.0,78.0,107.85714285714286,105.14285714285714,-1.0,-1.8369701987210297e-16,63.0,51.0,12.0,43.0,17.0
2022-09-08,87.0,79.0,86.0,105.0,76.0,102.0,108.0,130.0,148.0,82.0,98.0,89.0,98.0,102.28571428571429,-1.0,-1.8369701987210297e-16,55.0,49.0,15.0,38.0,21.0
2022-09-09,91.0,87.0,79.0,86.0,105.0,76.0,102.0,108.0,130.0,84.0,119.0,105.0,91.85714285714286,101.5,-1.0,-1.8369701987210297e-16,61.0,48.0,26.0,32.0,45.0
2022-09-10,72.0,91.0,87.0,79.0,86.0,105.0,76.0,102.0,108.0,148.0,130.0,117.0,89.42857142857143,99.5,-1.0,-1.8369701987210297e-16,71.0,49.0,28.0,32.0,43.0
2022-09-11,88.0,72.0,91.0,87.0,79.0,86.0,105.0,76.0,102.0,130.0,85.0,101.0,85.14285714285714,95.35714285714286,-1.0,-1.8369701987210297e-16,56.0,48.0,22.0,41.0,39.0
2022-09-12,79.0,88.0,72.0,91.0,87.0,79.0,86.0,105.0,76.0,108.0,82.0,78.0,86.85714285714286,95.57142857142857,-1.0,-1.8369701987210297e-16,64.0,51.0,20.0,37.0,34.0
2022-09-13,81.0,79.0,88.0,72.0,91.0,87.0,79.0,86.0,105.0,102.0,84.0,116.0,83.14285714285714,95.35714285714286,-1.0,-1.8369701987210297e-16,53.0,52.0,18.0,35.0,27.0
2022-09-14,113.0,81.0,79.0,88.0,72.0,91.0,87.0,79.0,86.0,76.0,148.0,119.0,82.42857142857143,95.14285714285714,-1.0,-1.8369701987210297e-16,59.0,52.0,18.0,45.0,32.0
2022-09-15,117.0,113.0,81.0,79.0,88.0,72.0,91.0,87.0,79.0,105.0,130.0,98.0,87.28571428571429,92.64285714285714,-1.0,-1.8369701987210297e-16,67.0,53.0,18.0,42.0,38.0
2022-09-16,100.0,117.0,113.0,81.0,79.0,88.0,72.0,91.0,87.0,86.0,108.0,119.0,91.57142857142857,91.71428571428571,-1.0,-1.8369701987210297e-16,78.0,51.0,26.0,34.0,39.0
2022-09-17,103.0,100.0,117.0,113.0,81.0,79.0,88.0,72.0,91.0,79.0,102.0,130.0,92.85714285714286,91.14285714285714,-1.0,-1.8369701987210297e-16,62.0,51.0,18.0,52.0,33.0
2022-09-18,113.0,103.0,100.0,117.0,113.0,81.0,79.0,88.0,72.0,87.0,76.0,85.0,97.28571428571429,91.21428571428571,-1.0,-1.8369701987210297e-16,70.0,51.0,19.0,49.0,35.0
2022-09-19,113.0,113.0,103.0,100.0,117.0,113.0,81.0,79.0,88.0,91.0,105.0,82.0,100.85714285714286,93.85714285714286,-1.0,-1.8369701987210297e-16,72.0,51.0,21.0,43.0,33.0
2022-09-20,110.0,113.0,113.0,103.0,100.0,117.0,113.0,81.0,79.0,72.0,86.0,84.0,105.71428571428571,94.42857142857143,-1.0,-1.8369701987210297e-16,70.0,51.0,17.0,46.0,28.0
2022-09-21,112.0,110.0,113.0,113.0,103.0,100.0,117.0,113.0,81.0,88.0,79.0,148.0,109.85714285714286,96.14285714285714,-1.0,-1.8369701987210297e-16,66.0,51.0,21.0,37.0,41.0
2022-09-22,90.0,112.0,110.0,113.0,113.0,103.0,100.0,117.0,113.0,79.0,87.0,130.0,109.71428571428571,98.5,-1.0,-1.8369701987210297e-16,69.0,50.0,17.0,42.0,32.0
2022-09-23,97.0,90.0,112.0,110.0,113.0,113.0,103.0,100.0,117.0,81.0,91.0,108.0,105.85714285714286,98.71428571428571,-1.0,-1.8369701987210297e-16,63.0,50.0,16.0,37.0,24.0
2022-09-24,83.0,97.0,90.0,112.0,110.0,113.0,113.0,103.0,100.0,113.0,72.0,102.0,105.42857142857143,99.14285714285714,-1.0,-1.8369701987210297e-16,73.0,50.0,24.0,50.0,45.0
2022-09-25,94.0,83.0,97.0,90.0,112.0,110.0,113.0,113.0,103.0,117.0,88.0,76.0,102.57142857142857,99.92857142857143,-1.0,-1.8369701987210297e-16,57.0,50.0,17.0,39.0,33.0
2022-09-26,79.0,94.0,83.0,97.0,90.0,112.0,110.0,113.0,113.0,100.0,79.0,105.0,99.85714285714286,100.35714285714286,-1.0,-1.8369701987210297e-16,58.0,50.0,14.0,48.0,25.0
2022-09-27,86.0,79.0,94.0,83.0,97.0,90.0,112.0,110.0,113.0,103.0,81.0,86.0,95.0,100.35714285714286,-1.0,-1.8369701987210297e-16,57.0,51.0,14.0,56.0,26.0
2022-09-28,92.0,86.0,79.0,94.0,83.0,97.0,90.0,112.0,110.0,113.0,113.0,79.0,91.57142857142857,100.71428571428571,-1.0,-1.8369701987210297e-16,63.0,51.0,14.0,58.0,26.0
2022-09-29,100.0,92.0,86.0,79.0,94.0,83.0,97.0,90.0,112.0,113.0,117.0,87.0,88.71428571428571,99.21428571428571,-1.0,-1.8369701987210297e-16,62.0,51.0,13.0,55.0,24.0
2022-09-30,103.0,100.0,92.0,86.0,79.0,94.0,83.0,97.0,90.0,110.0,100.0,91.0,90.14285714285714,98.0,-1.0,-1.8369701987210297e-16,62.0,51.0,14.0,50.0,21.0
2022-10-01,128.0,103.0,100.0,92.0,86.0,79.0,94.0,83.0,97.0,112.0,103.0,72.0,91.0,98.21428571428571,-0.8660254037844386,0.5000000000000001,71.0,51.0,14.0,45.0,23.0
2022-10-02,79.0,128.0,103.0,100.0,92.0,86.0,79.0,94.0,83.0,90.0,113.0,88.0,97.42857142857143,100.0,-0.8660254037844386,0.5000000000000001,80.0,52.0,14.0,39.0,21.0
2022-10-03,76.0,79.0,128.0,103.0,100.0,92.0,86.0,79.0,94.0,97.0,113.0,79.0,95.28571428571429,97.57142857142857,-0.8660254037844386,0.5000000000000001,54.0,50.0,12.0,43.0,19.0
2022-10-04,98.0,76.0,79.0,128.0,103.0,100.0,92.0,86.0,79.0,83.0,110.0,81.0,94.85714285714286,94.92857142857143,-0.8660254037844386,0.5000000000000001,56.0,51.0,18.0,38.0,35.0
2022-10-05,68.0,98.0,76.0,79.0,128.0,103.0,100.0,92.0,86.0,94.0,112.0,113.0,96.57142857142857,94.07142857142857,-0.8660254037844386,0.5000000000000001,67.0,51.0,15.0,40.0,33.0
2022-10-06,89.0,68.0,98.0,76.0,79.0,128.0,103.0,100.0,92.0,79.0,90.0,117.0,93.14285714285714,90.92857142857143,-0.8660254037844386,0.5000000000000001,51.0,50.0,22.0,36.0,42.0
2022-10-07,66.0,89.0,68.0,98.0,76.0,79.0,128.0,103.0,100.0,86.0,97.0,100.0,91.57142857142857,90.85714285714286,-0.8660254037844386,0.5000000000000001,61.0,51.0,20.0,39.0,32.0
2022-10-08,61.0,66.0,89.0,68.0,98.0,76.0,79.0,128.0,103.0,92.0,83.0,103.0,86.28571428571429,88.64285714285714,-0.8660254037844386,0.5000000000000001,51.0,53.0,17.0,35.0,34.0
2022-10-09,95.0,61.0,66.0,89.0,68.0,98.0,76.0,79.0,128.0,100.0,94.0,113.0,76.71428571428571,87.07142857142857,-0.8660254037844386,0.5000000000000001,35.0,50.0,17.0,28.0,25.0
2022-10-10,74.0,95.0,61.0,66.0,89.0,68.0,98.0,76.0,79.0,103.0,79.0,113.0,79.0,87.14285714285714,-0.8660254037844386,0.5000000000000001,58.0,50.0,24.0,39.0,35.0
2022-10-11,126.0,74.0,95.0,61.0,66.0,89.0,68.0,98.0,76.0,128.0,86.0,110.0,78.71428571428571,86.78571428571429,-0.8660254037844386,0.5000000000000001,54.0,50.0,14.0,38.0,25.0
2022-10-12,97.0,126.0,74.0,95.0,61.0,66.0,89.0,68.0,98.0,79.0,92.0,112.0,82.71428571428571,89.64285714285714,-0.8660254037844386,0.5000000000000001,77.0,51.0,23.0,59.0,45.0
2022-10-13,91.0,97.0,126.0,74.0,95.0,61.0,66.0,89.0,68.0,76.0,100.0,90.0,86.85714285714286,90.0,-0.8660254037844386,0.5000000000000001,70.0,54.0,27.0,44.0,42.0
2022-10-14,94.0,91.0,97.0,126.0,74.0,95.0,61.0,66.0,89.0,98.0,103.0,97.0,87.14285714285714,89.35714285714286,-0.8660254037844386,0.5000000000000001,63.0,52.0,17.0,54.0,36.0
2022-10-15,78.0,94.0,91.0,97.0,126.0,74.0,95.0,61.0,66.0,68.0,128.0,83.0,91.14285714285714,88.71428571428571,-0.8660254037844386,0.5000000000000001,67.0,50.0,28.0,47.0,45.0
2022-10-16,93.0,78.0,94.0,91.0,97.0,126.0,74.0,95.0,61.0,89.0,79.0,94.0,93.57142857142857,85.14285714285714,-0.8660254037844386,0.5000000000000001,55.0,51.0,13.0,58.0,27.0
2022-10-17,85.0,93.0,78.0,94.0,91.0,97.0,126.0,74.0,95.0,66.0,76.0,79.0,93.28571428571429,86.14285714285714,-0.8660254037844386,0.5000000000000001,62.0,51.0,19.0,52.0,36.0
2022-10-18,79.0,85.0,93.0,78.0,94.0,91.0,97.0,126.0,74.0,61.0,98.0,86.0,94.85714285714286,86.78571428571429,-0.8660254037844386,0.5000000000000001,56.0,51.0,13.0,54.0,25.0
2022-10-19,92.0,79.0,85.0,93.0,78.0,94.0,91.0,97.0,126.0,95.0,68.0,92.0,88.14285714285714,85.42857142857143,-0.8660254037844386,0.5000000000000001,59.0,50.0,16.0,45.0,35.0
2022-10-20,88.0,92.0,79.0,85.0,93.0,78.0,94.0,91.0,97.0,74.0,89.0,100.0,87.42857142857143,87.14285714285714,-0.8660254037844386,0.5000000000000001,64.0,51.0,22.0,42.0,44.0
2022-10-21,67.0,88.0,92.0,79.0,85.0,93.0,78.0,94.0,91.0,126.0,66.0,103.0,87.0,87.07142857142857,-0.8660254037844386,0.5000000000000001,67.0,51.0,28.0,47.0,45.0
2022-10-22,82.0,67.0,88.0,92.0,79.0,85.0,93.0,78.0,94.0,97.0,61.0,128.0,83.14285714285714,87.14285714285714,-0.8660254037844386,0.5000000000000001,52.0,50.0,16.0,31.0,27.0
2022-10-23,66.0,82.0,67.0,88.0,92.0,79.0,85.0,93.0,78.0,91.0,95.0,79.0,83.71428571428571,88.64285714285714,-0.8660254037844386,0.5000000000000001,58.0,51.0,19.0,39.0,41.0
2022-10-24,57.0,66.0,82.0,67.0,88.0,92.0,79.0,85.0,93.0,94.0,74.0,76.0,79.85714285714286,86.57142857142857,-0.8660254037844386,0.5000000000000001,52.0,51.0,11.0,45.0,21.0
2022-10-25,53.0,57.0,66.0,82.0,67.0,88.0,92.0,79.0,85.0,78.0,126.0,98.0,75.85714285714286,85.35714285714286,-0.8660254037844386,0.5000000000000001,41.0,50.0,10.0,31.0,18.0
2022-10-26,43.0,53.0,57.0,66.0,82.0,67.0,88.0,92.0,79.0,93.0,97.0,68.0,72.14285714285714,80.14285714285714,-0.8660254037844386,0.5000000000000001,27.0,51.0,9.0,30.0,19.0
2022-10-27,66.0,43.0,53.0,57.0,66.0,82.0,67.0,88.0,92.0,85.0,91.0,89.0,65.14285714285714,76.28571428571429,-0.8660254037844386,0.5000000000000001,39.0,51.0,11.0,27.0,17.0
2022-10-28,77.0,66.0,43.0,53.0,57.0,66.0,82.0,67.0,88.0,79.0,94.0,66.0,62.0,74.5,-0.8660254037844386,0.5000000000000001,41.0,51.0,18.0,35.0,27.0
2022-10-29,86.0,77.0,66.0,43.0,53.0,57.0,66.0,82.0,67.0,92.0,78.0,61.0,63.42857142857143,73.28571428571429,-0.8660254037844386,0.5000000000000001,54.0,51.0,16.0,33.0,32.0
2022-10-30,87.0,86.0,77.0,66.0,43.0,53.0,57.0,66.0,82.0,88.0,93.0,95.0,64.0,73.85714285714286,-0.8660254037844386,0.5000000000000001,53.0,51.0,15.0,41.0,29.0
2022-10-31,78.0,87.0,86.0,77.0,66.0,43.0,53.0,57.0,66.0,67.0,85.0,74.0,67.0,73.42857142857143,-0.8660254037844386,0.5000000000000001,51.0,51.0,11.0,49.0,19.0
2022-11-01,70.0,78.0,87.0,86.0,77.0,66.0,43.0,53.0,57.0,82.0,79.0,126.0,70.0,72.92857142857143,-0.5000000000000004,0.8660254037844384,60.0,51.0,21.0,44.0,22.0
2022-11-02,144.0,70.0,78.0,87.0,86.0,77.0,66.0,43.0,53.0,66.0,92.0,97.0,72.42857142857143,72.28571428571429,-0.5000000000000004,0.8660254037844384,49.0,51.0,10.0,44.0,21.0
2022-11-03,89.0,144.0,70.0,78.0,87.0,86.0,77.0,66.0,43.0,57.0,88.0,91.0,86.85714285714286,76.0,-0.5000000000000004,0.8660254037844384,84.0,51.0,14.0,54.0,34.0
2022-11-04,95.0,89.0,144.0,70.0,78.0,87.0,86.0,77.0,66.0,53.0,67.0,94.0,90.14285714285714,76.07142857142857,-0.5000000000000004,0.8660254037844384,65.0,51.0,13.0,49.0,23.0
2022-11-05,81.0,95.0,89.0,144.0,70.0,78.0,87.0,86.0,77.0,43.0,82.0,78.0,92.71428571428571,78.07142857142857,-0.5000000000000004,0.8660254037844384,66.0,52.0,23.0,49.0,42.0
2022-11-06,90.0,81.0,95.0,89.0,144.0,70.0,78.0,87.0,86.0,66.0,66.0,93.0,92.0,78.0,-0.5000000000000004,0.8660254037844384,62.0,51.0,22.0,55.0,42.0
2022-11-07,104.0,90.0,81.0,95.0,89.0,144.0,70.0,78.0,87.0,77.0,57.0,85.0,92.42857142857143,79.71428571428571,-0.5000000000000004,0.8660254037844384,63.0,51.0,18.0,38.0,34.0
2022-11-08,101.0,104.0,90.0,81.0,95.0,89.0,144.0,70.0,78.0,86.0,53.0,79.0,96.14285714285714,83.07142857142857,-0.5000000000000004,0.8660254037844384,74.0,51.0,13.0,48.0,22.0
2022-11-09,96.0,101.0,104.0,90.0,81.0,95.0,89.0,144.0,70.0,87.0,43.0,92.0,100.57142857142857,86.5,-0.5000000000000004,0.8660254037844384,66.0,53.0,30.0,36.0,50.0
2022-11-10,76.0,96.0,101.0,104.0,90.0,81.0,95.0,89.0,144.0,78.0,66.0,88.0,93.71428571428571,90.28571428571429,-0.5000000000000004,0.8660254037844384,64.0,51.0,25.0,41.0,47.0
2022-11-11,71.0,76.0,96.0,101.0,104.0,90.0,81.0,95.0,89.0,70.0,77.0,67.0,91.85714285714286,91.0,-0.5000000000000004,0.8660254037844384,53.0,51.0,18.0,29.0,30.0
2022-11-12,61.0,71.0,76.0,96.0,101.0,104.0,90.0,81.0,95.0,144.0,86.0,82.0,88.42857142857143,90.57142857142857,-0.5000000000000004,0.8660254037844384,46.0,51.0,19.0,31.0,25.0
2022-11-13,63.0,61.0,71.0,76.0,96.0,101.0,104.0,90.0,81.0,89.0,87.0,66.0,85.57142857142857,88.78571428571429,-0.5000000000000004,0.8660254037844384,40.0,51.0,11.0,36.0,18.0
2022-11-14,85.0,63.0,61.0,71.0,76.0,96.0,101.0,104.0,90.0,95.0,78.0,57.0,81.71428571428571,87.07142857142857,-0.5000000000000004,0.8660254037844384,38.0,51.0,17.0,38.0,27.0
2022-11-15,95.0,85.0,63.0,61.0,71.0,76.0,96.0,101.0,104.0,81.0,70.0,53.0,79.0,87.57142857142857,-0.5000000000000004,0.8660254037844384,60.0,51.0,17.0,44.0,28.0
2022-11-16,80.0,95.0,85.0,63.0,61.0,71.0,76.0,96.0,101.0,90.0,144.0,43.0,78.14285714285714,89.35714285714286,-0.5000000000000004,0.8660254037844384,59.0,51.0,16.0,39.0,33.0
2022-11-17,72.0,80.0,95.0,85.0,63.0,61.0,71.0,76.0,96.0,104.0,89.0,66.0,75.85714285714286,84.78571428571429,-0.5000000000000004,0.8660254037844384,54.0,52.0,10.0,31.0,22.0
2022-11-18,53.0,72.0,80.0,95.0,85.0,63.0,61.0,71.0,76.0,101.0,95.0,77.0,75.28571428571429,83.57142857142857,-0.5000000000000004,0.8660254037844384,58.0,52.0,12.0,35.0,25.0
2022-11-19,77.0,53.0,72.0,80.0,95.0,85.0,63.0,61.0,71.0,96.0,81.0,86.0,72.71428571428571,80.57142857142857,-0.5000000000000004,0.8660254037844384,42.0,53.0,16.0,29.0,27.0
2022-11-20,51.0,77.0,53.0,72.0,80.0,95.0,85.0,63.0,61.0,76.0,90.0,87.0,75.0,80.28571428571429,-0.5000000000000004,0.8660254037844384,47.0,56.0,12.0,27.0,24.0
2022-11-21,62.0,51.0,77.0,53.0,72.0,80.0,95.0,85.0,63.0,71.0,104.0,78.0,73.28571428571429,77.5,-0.5000000000000004,0.8660254037844384,34.0,51.0,7.0,30.0,12.0
2022-11-22,72.0,62.0,51.0,77.0,53.0,72.0,80.0,95.0,85.0,61.0,101.0,70.0,70.0,74.5,-0.5000000000000004,0.8660254037844384,40.0,51.0,11.0,29.0,19.0
2022-11-23,71.0,72.0,62.0,51.0,77.0,53.0,72.0,80.0,95.0,63.0,96.0,144.0,66.71428571428571,72.42857142857143,-0.5000000000000004,0.8660254037844384,46.0,51.0,10.0,26.0,15.0
2022-11-24,66.0,71.0,72.0,62.0,51.0,77.0,53.0,72.0,80.0,85.0,76.0,89.0,65.42857142857143,70.64285714285714,-0.5000000000000004,0.8660254037844384,50.0,52.0,11.0,29.0,23.0
2022-11-25,77.0,66.0,71.0,72.0,62.0,51.0,77.0,53.0,72.0,95.0,71.0,95.0,64.57142857142857,69.92857142857143,-0.5000000000000004,0.8660254037844384,51.0,52.0,10.0,34.0,24.0
2022-11-26,131.0,77.0,66.0,71.0,72.0,62.0,51.0,77.0,53.0,80.0,61.0,81.0,68.0,70.35714285714286,-0.5000000000000004,0.8660254037844384,52.0,52.0,15.0,38.0,26.0
2022-11-27,112.0,131.0,77.0,66.0,71.0,72.0,62.0,51.0,77.0,72.0,63.0,90.0,75.71428571428571,75.35714285714286,-0.5000000000000004,0.8660254037844384,80.0,51.0,20.0,42.0,45.0
2022-11-28,83.0,112.0,131.0,77.0,66.0,71.0,72.0,62.0,51.0,53.0,85.0,104.0,84.42857142857143,78.85714285714286,-0.5000000000000004,0.8660254037844384,74.0,52.0,24.0,37.0,36.0
2022-11-29,73.0,83.0,112.0,131.0,77.0,66.0,71.0,72.0,62.0,77.0,95.0,101.0,87.42857142857143,78.71428571428571,-0.5000000000000004,0.8660254037844384,59.0,51.0,14.0,50.0,31.0
2022-11-30,97.0,73.0,83.0,112.0,131.0,77.0,66.0,71.0,72.0,51.0,80.0,96.0,87.57142857142857,77.14285714285714,-0.5000000000000004,0.8660254037844384,53.0,51.0,22.0,48.0,32.0
2022-12-01,93.0,97.0,73.0,83.0,112.0,131.0,77.0,66.0,71.0,62.0,72.0,76.0,91.28571428571429,78.35714285714286,-2.4492935982947064e-16,1.0,65.0,52.0,13.0,40.0,31.0
2022-12-02,94.0,93.0,97.0,73.0,83.0,112.0,131.0,77.0,66.0,72.0,53.0,71.0,95.14285714285714,79.85714285714286,-2.4492935982947064e-16,1.0,64.0,52.0,17.0,50.0,31.0
2022-12-03,100.0,94.0,93.0,97.0,73.0,83.0,112.0,131.0,77.0,71.0,77.0,61.0,97.57142857142857,82.78571428571429,-2.4492935982947064e-16,1.0,60.0,52.0,18.0,42.0,30.0
2022-12-04,95.0,100.0,94.0,93.0,97.0,73.0,83.0,112.0,131.0,66.0,51.0,63.0,93.14285714285714,84.42857142857143,-2.4492935982947064e-16,1.0,60.0,52.0,16.0,49.0,31.0
2022-12-05,117.0,95.0,100.0,94.0,93.0,97.0,73.0,83.0,112.0,77.0,62.0,85.0,90.71428571428571,87.57142857142857,-2.4492935982947064e-16,1.0,65.0,52.0,19.0,45.0,34.0
2022-12-06,107.0,117.0,95.0,100.0,94.0,93.0,97.0,73.0,83.0,131.0,72.0,95.0,95.57142857142857,91.5,-2.4492935982947064e-16,1.0,74.0,52.0,19.0,48.0,33.0
2022-12-07,88.0,107.0,117.0,95.0,100.0,94.0,93.0,97.0,73.0,112.0,71.0,80.0,100.42857142857143,94.0,-2.4492935982947064e-16,1.0,70.0,49.0,24.0,41.0,44.0
2022-12-08,85.0,88.0,107.0,117.0,95.0,100.0,94.0,93.0,97.0,83.0,66.0,72.0,99.14285714285714,95.21428571428571,-2.4492935982947064e-16,1.0,53.0,52.0,21.0,37.0,40.0
2022-12-09,94.0,85.0,88.0,107.0,117.0,95.0,100.0,94.0,93.0,73.0,77.0,53.0,98.0,96.57142857142857,-2.4492935982947064e-16,1.0,51.0,52.0,16.0,47.0,35.0
2022-12-10,72.0,94.0,85.0,88.0,107.0,117.0,95.0,100.0,94.0,97.0,131.0,77.0,98.0,97.78571428571429,-2.4492935982947064e-16,1.0,59.0,51.0,21.0,31.0,41.0
2022-12-11,72.0,72.0,94.0,85.0,88.0,107.0,117.0,95.0,100.0,93.0,112.0,51.0,94.0,93.57142857142857,-2.4492935982947064e-16,1.0,42.0,52.0,27.0,29.0,35.0
2022-12-12,62.0,72.0,72.0,94.0,85.0,88.0,107.0,117.0,95.0,94.0,83.0,62.0,90.71428571428571,90.71428571428571,-2.4492935982947064e-16,1.0,44.0,52.0,20.0,31.0,32.0
2022-12-13,71.0,62.0,72.0,72.0,94.0,85.0,88.0,107.0,117.0,100.0,73.0,72.0,82.85714285714286,89.21428571428571,-2.4492935982947064e-16,1.0,37.0,51.0,10.0,32.0,22.0
2022-12-14,71.0,71.0,62.0,72.0,72.0,94.0,85.0,88.0,107.0,95.0,97.0,71.0,77.71428571428571,89.07142857142857,-2.4492935982947064e-16,1.0,47.0,51.0,13.0,28.0,23.0
2022-12-15,60.0,71.0,71.0,62.0,72.0,72.0,94.0,85.0,88.0,117.0,93.0,66.0,75.28571428571429,87.21428571428571,-2.4492935982947064e-16,1.0,46.0,51.0,10.0,30.0,17.0
2022-12-16,83.0,60.0,71.0,71.0,62.0,72.0,72.0,94.0,85.0,107.0,94.0,77.0,71.71428571428571,84.85714285714286,-2.4492935982947064e-16,1.0,28.0,52.0,10.0,29.0,23.0
2022-12-17,98.0,83.0,60.0,71.0,71.0,62.0,72.0,72.0,94.0,88.0,100.0,131.0,70.14285714285714,84.07142857142857,-2.4492935982947064e-16,1.0,56.0,52.0,12.0,28.0,30.0
2022-12-18,96.0,98.0,83.0,60.0,71.0,71.0,62.0,72.0,72.0,85.0,95.0,112.0,73.85714285714286,83.92857142857143,-2.4492935982947064e-16,1.0,65.0,52.0,30.0,38.0,45.0
2022-12-19,99.0,96.0,98.0,83.0,60.0,71.0,71.0,62.0,72.0,94.0,117.0,83.0,77.28571428571429,84.0,-2.4492935982947064e-16,1.0,64.0,52.0,26.0,46.0,45.0
2022-12-20,154.0,99.0,96.0,98.0,83.0,60.0,71.0,71.0,62.0,72.0,107.0,73.0,82.57142857142857,82.71428571428571,-2.4492935982947064e-16,1.0,64.0,57.0,28.0,39.0,48.0
2022-12-21,86.0,154.0,99.0,96.0,98.0,83.0,60.0,71.0,71.0,72.0,88.0,97.0,94.42857142857143,86.07142857142857,-2.4492935982947064e-16,1.0,85.0,54.0,23.0,29.0,47.0
2022-12-22,65.0,86.0,154.0,99.0,96.0,98.0,83.0,60.0,71.0,62.0,85.0,93.0,96.57142857142857,85.92857142857143,-2.4492935982947064e-16,1.0,57.0,62.0,45.0,27.0,32.0
2022-12-23,40.0,65.0,86.0,154.0,99.0,96.0,98.0,83.0,60.0,71.0,94.0,94.0,97.28571428571429,84.5,-2.4492935982947064e-16,1.0,49.0,59.0,49.0,23.0,24.0
2022-12-24,92.0,40.0,65.0,86.0,154.0,99.0,96.0,98.0,83.0,71.0,72.0,100.0,91.14285714285714,80.64285714285714,-2.4492935982947064e-16,1.0,31.0,57.0,38.0,24.0,18.0
2022-12-25,56.0,92.0,40.0,65.0,86.0,154.0,99.0,96.0,98.0,60.0,72.0,95.0,90.28571428571429,82.07142857142857,-2.4492935982947064e-16,1.0,58.0,57.0,55.0,26.0,24.0
2022-12-26,62.0,56.0,92.0,40.0,65.0,86.0,154.0,99.0,96.0,83.0,62.0,117.0,84.57142857142857,80.92857142857143,-2.4492935982947064e-16,1.0,42.0,57.0,45.0,25.0,18.0
2022-12-27,47.0,62.0,56.0,92.0,40.0,65.0,86.0,154.0,99.0,98.0,71.0,107.0,79.28571428571429,80.92857142857143,-2.4492935982947064e-16,1.0,43.0,58.0,54.0,25.0,27.0
2022-12-28,66.0,47.0,62.0,56.0,92.0,40.0,65.0,86.0,154.0,96.0,71.0,88.0,64.0,79.21428571428571,-2.4492935982947064e-16,1.0,36.0,58.0,42.0,20.0,18.0
2022-12-29,50.0,66.0,47.0,62.0,56.0,92.0,40.0,65.0,86.0,99.0,60.0,85.0,61.142857142857146,78.85714285714286,-2.4492935982947064e-16,1.0,46.0,57.0,41.0,15.0,19.0
2022-12-30,64.0,50.0,66.0,47.0,62.0,56.0,92.0,40.0,65.0,154.0,83.0,94.0,59.0,78.14285714285714,-2.4492935982947064e-16,1.0,23.0,57.0,12.0,16.0,15.0
2022-12-31,73.0,64.0,50.0,66.0,47.0,62.0,56.0,92.0,40.0,86.0,98.0,72.0,62.42857142857143,76.78571428571429,-2.4492935982947064e-16,1.0,40.0,57.0,21.0,17.0,24.0
2023-01-01,61.0,73.0,64.0,50.0,66.0,47.0,62.0,56.0,92.0,65.0,96.0,72.0,59.714285714285715,75.0,0.49999999999999994,0.8660254037844387,54.0,56.0,24.0,23.0,24.0
2023-01-02,43.0,61.0,73.0,64.0,50.0,66.0,47.0,62.0,56.0,40.0,99.0,62.0,60.42857142857143,72.5,0.49999999999999994,0.8660254037844387,44.0,56.0,16.0,20.0,19.0
2023-01-03,34.0,43.0,61.0,73.0,64.0,50.0,66.0,47.0,62.0,92.0,154.0,71.0,57.714285714285715,68.5,0.49999999999999994,0.8660254037844387,34.0,59.0,15.0,21.0,19.0
2023-01-04,49.0,34.0,43.0,61.0,73.0,64.0,50.0,66.0,47.0,56.0,86.0,71.0,55.857142857142854,59.92857142857143,0.49999999999999994,0.8660254037844387,28.0,57.0,13.0,21.0,16.0
2023-01-05,59.0,49.0,34.0,43.0,61.0,73.0,64.0,50.0,66.0,62.0,65.0,60.0,53.42857142857143,57.285714285714285,0.49999999999999994,0.8660254037844387,31.0,60.0,17.0,21.0,26.0
2023-01-06,73.0,59.0,49.0,34.0,43.0,61.0,73.0,64.0,50.0,47.0,40.0,83.0,54.714285714285715,56.857142857142854,0.49999999999999994,0.8660254037844387,40.0,53.0,10.0,18.0,7.0
2023-01-07,66.0,73.0,59.0,49.0,34.0,43.0,61.0,73.0,64.0,66.0,92.0,98.0,56.0,59.214285714285715,0.49999999999999994,0.8660254037844387,50.0,51.0,10.0,11.0,7.0
2023-01-08,62.0,66.0,73.0,59.0,49.0,34.0,43.0,61.0,73.0,50.0,56.0,96.0,55.0,57.357142857142854,0.49999999999999994,0.8660254037844387,49.0,51.0,6.0,10.0,4.0
2023-01-09,71.0,62.0,66.0,73.0,59.0,49.0,34.0,43.0,61.0,64.0,62.0,99.0,55.142857142857146,57.785714285714285,0.49999999999999994,0.8660254037844387,45.0,51.0,6.0,10.0,3.0
2023-01-10,70.0,71.0,62.0,66.0,73.0,59.0,49.0,34.0,43.0,73.0,47.0,154.0,59.142857142857146,58.42857142857143,0.49999999999999994,0.8660254037844387,46.0,51.0,9.0,10.0,6.0
2023-01-11,81.0,70.0,71.0,62.0,66.0,73.0,59.0,49.0,34.0,61.0,66.0,86.0,64.28571428571429,60.07142857142857,0.49999999999999994,0.8660254037844387,50.0,50.0,8.0,10.0,6.0
2023-01-12,111.0,81.0,70.0,71.0,62.0,66.0,73.0,59.0,49.0,43.0,50.0,65.0,68.85714285714286,61.142857142857146,0.49999999999999994,0.8660254037844387,36.0,54.0,14.0,23.0,12.0
2023-01-13,135.0,111.0,81.0,70.0,71.0,62.0,66.0,73.0,59.0,34.0,64.0,40.0,76.28571428571429,65.5,0.49999999999999994,0.8660254037844387,42.0,54.0,15.0,26.0,14.0
2023-01-14,91.0,135.0,111.0,81.0,70.0,71.0,62.0,66.0,73.0,49.0,73.0,92.0,85.14285714285714,70.57142857142857,0.49999999999999994,0.8660254037844387,48.0,55.0,15.0,28.0,15.0
2023-01-15,73.0,91.0,135.0,111.0,81.0,70.0,71.0,62.0,66.0,59.0,61.0,56.0,88.71428571428571,71.85714285714286,0.49999999999999994,0.8660254037844387,54.0,54.0,17.0,19.0,19.0
2023-01-16,57.0,73.0,91.0,135.0,111.0,81.0,70.0,71.0,62.0,73.0,43.0,62.0,90.28571428571429,72.71428571428571,0.49999999999999994,0.8660254037844387,47.0,54.0,12.0,15.0,11.0
2023-01-17,76.0,57.0,73.0,91.0,135.0,111.0,81.0,70.0,71.0,66.0,34.0,47.0,88.28571428571429,73.71428571428571,0.49999999999999994,0.8660254037844387,39.0,54.0,7.0,10.0,2.0
2023-01-18,87.0,76.0,57.0,73.0,91.0,135.0,111.0,81.0,70.0,62.0,49.0,66.0,89.14285714285714,76.71428571428571,0.49999999999999994,0.8660254037844387,51.0,55.0,8.0,8.0,2.5
2023-01-19,79.0,87.0,76.0,57.0,73.0,91.0,135.0,111.0,81.0,71.0,59.0,50.0,90.0,79.42857142857143,0.49999999999999994,0.8660254037844387,57.0,57.0,9.0,8.0,3.0
2023-01-20,79.0,79.0,87.0,76.0,57.0,73.0,91.0,135.0,111.0,70.0,73.0,64.0,85.42857142857143,80.85714285714286,0.49999999999999994,0.8660254037844387,40.0,54.0,16.0,7.0,10.0
2023-01-21,75.0,79.0,79.0,87.0,76.0,57.0,73.0,91.0,135.0,81.0,66.0,73.0,77.42857142857143,81.28571428571429,0.49999999999999994,0.8660254037844387,57.0,55.0,9.0,9.0,3.0
2023-01-22,66.0,75.0,79.0,79.0,87.0,76.0,57.0,73.0,91.0,111.0,62.0,61.0,75.14285714285714,81.92857142857143,0.49999999999999994,0.8660254037844387,43.0,54.0,14.0,10.0,10.0
2023-01-23,53.0,66.0,75.0,79.0,79.0,87.0,76.0,57.0,73.0,135.0,71.0,43.0,74.14285714285714,82.21428571428571,0.49999999999999994,0.8660254037844387,35.0,53.0,13.0,9.0,9.0
2023-01-24,50.0,53.0,66.0,75.0,79.0,79.0,87.0,76.0,57.0,91.0,70.0,34.0,73.57142857142857,80.92857142857143,0.49999999999999994,0.8660254037844387,27.0,62.0,8.0,17.0,9.0
2023-01-25,45.0,50.0,53.0,66.0,75.0,79.0,79.0,87.0,76.0,73.0,81.0,49.0,69.85714285714286,79.5,0.49999999999999994,0.8660254037844387,33.0,60.0,11.0,17.0,14.0
2023-01-26,64.0,45.0,50.0,53.0,66.0,75.0,79.0,79.0,87.0,57.0,111.0,59.0,63.857142857142854,76.92857142857143,0.49999999999999994,0.8660254037844387,37.0,60.0,10.0,13.0,14.0
2023-01-27,75.0,64.0,45.0,50.0,53.0,66.0,75.0,79.0,79.0,76.0,135.0,73.0,61.714285714285715,73.57142857142857,0.49999999999999994,0.8660254037844387,40.0,56.0,9.0,12.0,2.0
2023-01-28,68.0,75.0,64.0,45.0,50.0,53.0,66.0,75.0,79.0,87.0,91.0,66.0,61.142857142857146,69.28571428571429,0.49999999999999994,0.8660254037844387,59.0,56.0,8.0,10.0,2.0
2023-01-29,82.0,68.0,75.0,64.0,45.0,50.0,53.0,66.0,75.0,79.0,73.0,62.0,60.142857142857146,67.64285714285714,0.49999999999999994,0.8660254037844387,44.0,54.0,14.0,7.0,17.0
2023-01-30,65.0,82.0,68.0,75.0,64.0,45.0,50.0,53.0,66.0,79.0,57.0,71.0,62.42857142857143,68.28571428571429,0.49999999999999994,0.8660254037844387,53.0,54.0,20.0,8.0,11.0
2023-01-31,90.0,65.0,82.0,68.0,75.0,64.0,45.0,50.0,53.0,75.0,76.0,70.0,64.14285714285714,68.85714285714286,0.49999999999999994,0.8660254037844387,51.0,53.0,14.0,14.0,13.0
2023-02-01,69.0,90.0,65.0,82.0,68.0,75.0,64.0,45.0,50.0,66.0,87.0,81.0,69.85714285714286,69.85714285714286,0.8660254037844386,0.5000000000000001,56.0,54.0,16.0,15.0,20.0
2023-02-02,72.0,69.0,90.0,65.0,82.0,68.0,75.0,64.0,45.0,53.0,79.0,111.0,73.28571428571429,68.57142857142857,0.8660254037844386,0.5000000000000001,55.0,55.0,8.0,12.0,2.0
2023-02-03,50.0,72.0,69.0,90.0,65.0,82.0,68.0,75.0,64.0,50.0,79.0,135.0,74.42857142857143,68.07142857142857,0.8660254037844386,0.5000000000000001,52.0,53.0,12.0,9.0,3.0
2023-02-04,65.0,50.0,72.0,69.0,90.0,65.0,82.0,68.0,75.0,45.0,75.0,91.0,70.85714285714286,66.0,0.8660254037844386,0.5000000000000001,24.0,63.0,6.0,11.0,3.0
2023-02-05,62.0,65.0,50.0,72.0,69.0,90.0,65.0,82.0,68.0,64.0,66.0,73.0,70.42857142857143,65.28571428571429,0.8660254037844386,0.5000000000000001,3.0,89.0,11.0,9.0,11.0
2023-02-06,56.0,62.0,65.0,50.0,72.0,69.0,90.0,65.0,82.0,75.0,53.0,57.0,67.57142857142857,65.0,0.8660254037844386,0.5000000000000001,10.0,79.0,10.0,12.0,8.0
2023-02-07,65.0,56.0,62.0,65.0,50.0,72.0,69.0,90.0,65.0,68.0,50.0,76.0,66.28571428571429,65.21428571428571,0.8660254037844386,0.5000000000000001,41.0,54.0,11.0,12.0,4.0
2023-02-08,61.0,65.0,56.0,62.0,65.0,50.0,72.0,69.0,90.0,82.0,45.0,87.0,62.714285714285715,66.28571428571429,0.8660254037844386,0.5000000000000001,38.0,54.0,12.0,12.0,10.0
2023-02-09,61.0,61.0,65.0,56.0,62.0,65.0,50.0,72.0,69.0,65.0,64.0,79.0,61.57142857142857,67.42857142857143,0.8660254037844386,0.5000000000000001,44.0,53.0,15.0,7.0,15.0
2023-02-10,40.0,61.0,61.0,65.0,56.0,62.0,65.0,50.0,72.0,90.0,75.0,79.0,60.0,67.21428571428571,0.8660254037844386,0.5000000000000001,44.0,53.0,13.0,7.0,10.0
2023-02-11,51.0,40.0,61.0,61.0,65.0,56.0,62.0,65.0,50.0,69.0,68.0,75.0,58.57142857142857,64.71428571428571,0.8660254037844386,0.5000000000000001,24.0,53.0,7.0,11.0,1.0
2023-02-12,42.0,51.0,40.0,61.0,61.0,65.0,56.0,62.0,65.0,72.0,82.0,66.0,56.57142857142857,63.5,0.8660254037844386,0.5000000000000001,38.0,53.0,12.0,8.0,9.0
2023-02-13,31.0,42.0,51.0,40.0,61.0,61.0,65.0,56.0,62.0,50.0,65.0,53.0,53.714285714285715,60.642857142857146,0.8660254037844386,0.5000000000000001,33.0,53.0,12.0,8.0,10.0
2023-02-14,39.0,31.0,42.0,51.0,40.0,61.0,61.0,65.0,56.0,65.0,90.0,50.0,50.142857142857146,58.214285714285715,0.8660254037844386,0.5000000000000001,24.0,53.0,8.0,8.0,3.0
2023-02-15,33.0,39.0,31.0,42.0,51.0,40.0,61.0,61.0,65.0,62.0,69.0,45.0,46.42857142857143,54.57142857142857,0.8660254037844386,0.5000000000000001,31.0,53.0,11.0,7.0,6.0
2023-02-16,48.0,33.0,39.0,31.0,42.0,51.0,40.0,61.0,61.0,56.0,72.0,64.0,42.42857142857143,52.0,0.8660254037844386,0.5000000000000001,20.0,53.0,6.0,9.0,1.0
2023-02-17,41.0,48.0,33.0,39.0,31.0,42.0,51.0,40.0,61.0,65.0,50.0,75.0,40.57142857142857,50.285714285714285,0.8660254037844386,0.5000000000000001,30.0,54.0,7.0,6.0,1.0
2023-02-18,75.0,41.0,48.0,33.0,39.0,31.0,42.0,51.0,40.0,61.0,65.0,68.0,40.714285714285715,49.642857142857146,0.8660254037844386,0.5000000000000001,30.0,53.0,7.0,9.0,1.0
2023-02-19,82.0,75.0,41.0,48.0,33.0,39.0,31.0,42.0,51.0,61.0,62.0,82.0,44.142857142857146,50.357142857142854,0.8660254037844386,0.5000000000000001,51.0,27.0,11.0,14.0,14.0
2023-02-20,56.0,82.0,75.0,41.0,48.0,33.0,39.0,31.0,42.0,40.0,56.0,65.0,49.857142857142854,51.785714285714285,0.8660254037844386,0.5000000000000001,60.0,27.0,13.0,13.0,14.0
2023-02-21,45.0,56.0,82.0,75.0,41.0,48.0,33.0,39.0,31.0,51.0,65.0,90.0,53.42857142857143,51.785714285714285,0.8660254037844386,0.5000000000000001,42.0,13.0,7.0,7.0,9.666666666666668
2023-02-22,44.0,45.0,56.0,82.0,75.0,41.0,48.0,33.0,39.0,42.0,61.0,69.0,54.285714285714285,50.357142857142854,0.8660254037844386,0.5000000000000001,33.0,13.0,6.0,6.0,5.333333333333334
2023-02-23,59.0,44.0,45.0,56.0,82.0,75.0,41.0,48.0,33.0,31.0,61.0,72.0,55.857142857142854,49.142857142857146,0.8660254037844386,0.5000000000000001,29.0,13.0,6.0,9.0,1.0
2023-02-24,49.0,59.0,44.0,45.0,56.0,82.0,75.0,41.0,48.0,39.0,40.0,50.0,57.42857142857143,49.0,0.8660254037844386,0.5000000000000001,50.0,27.0,11.0,8.0,14.0
2023-02-25,61.0,49.0,59.0,44.0,45.0,56.0,82.0,75.0,41.0,33.0,51.0,65.0,58.57142857142857,49.642857142857146,0.8660254037844386,0.5000000000000001,51.0,26.0,9.0,10.0,17.0
2023-02-26,52.0,61.0,49.0,59.0,44.0,45.0,56.0,82.0,75.0,48.0,42.0,62.0,56.57142857142857,50.357142857142854,0.8660254037844386,0.5000000000000001,46.0,14.0,7.0,18.0,5.0
2023-02-27,50.0,52.0,61.0,49.0,59.0,44.0,45.0,56.0,82.0,41.0,31.0,56.0,52.285714285714285,51.07142857142857,0.8660254037844386,0.5000000000000001,40.0,27.0,8.0,15.0,12.0
2023-02-28,63.0,50.0,52.0,61.0,49.0,59.0,44.0,45.0,56.0,75.0,39.0,65.0,51.42857142857143,52.42857142857143,0.8660254037844386,0.5000000000000001,46.0,27.0,7.0,16.0,15.0
2023-03-01,44.0,63.0,50.0,52.0,61.0,49.0,59.0,44.0,45.0,82.0,33.0,61.0,54.0,54.142857142857146,1.0,6.123233995736766e-17,46.0,14.0,7.0,17.0,4.0
2023-03-02,33.0,44.0,63.0,50.0,52.0,61.0,49.0,59.0,44.0,56.0,48.0,61.0,54.0,54.92857142857143,1.0,6.123233995736766e-17,38.0,50.0,8.0,19.0,27.0
2023-03-03,52.0,33.0,44.0,63.0,50.0,52.0,61.0,49.0,59.0,45.0,41.0,40.0,50.285714285714285,53.857142857142854,1.0,6.123233995736766e-17,29.0,47.0,11.0,21.0,27.0
2023-03-04,60.0,52.0,33.0,44.0,63.0,50.0,52.0,61.0,49.0,44.0,75.0,51.0,50.714285714285715,54.642857142857146,1.0,6.123233995736766e-17,34.0,14.0,7.0,11.0,2.0
2023-03-05,50.0,60.0,52.0,33.0,44.0,63.0,50.0,52.0,61.0,59.0,82.0,42.0,50.57142857142857,53.57142857142857,1.0,6.123233995736766e-17,40.0,14.0,7.0,14.0,3.0
2023-03-06,55.0,50.0,60.0,52.0,33.0,44.0,63.0,50.0,52.0,49.0,56.0,31.0,50.285714285714285,51.285714285714285,1.0,6.123233995736766e-17,46.0,28.0,9.0,8.0,11.0
2023-03-07,70.0,55.0,50.0,60.0,52.0,33.0,44.0,63.0,50.0,61.0,45.0,39.0,51.0,51.214285714285715,1.0,6.123233995736766e-17,39.0,14.0,6.0,7.0,8.666666666666666
2023-03-08,87.0,70.0,55.0,50.0,60.0,52.0,33.0,44.0,63.0,52.0,44.0,33.0,52.0,53.0,1.0,6.123233995736766e-17,48.0,14.0,7.0,11.0,6.333333333333333
2023-03-09,87.0,87.0,70.0,55.0,50.0,60.0,52.0,33.0,44.0,50.0,59.0,48.0,58.142857142857146,56.07142857142857,1.0,6.123233995736766e-17,60.0,15.0,7.0,11.0,4.0
2023-03-10,79.0,87.0,87.0,70.0,55.0,50.0,60.0,52.0,33.0,63.0,49.0,41.0,65.85714285714286,58.07142857142857,1.0,6.123233995736766e-17,50.0,30.0,13.0,14.0,20.0
2023-03-11,73.0,79.0,87.0,87.0,70.0,55.0,50.0,60.0,52.0,44.0,61.0,75.0,69.71428571428571,60.214285714285715,1.0,6.123233995736766e-17,51.0,34.0,11.0,20.0,14.0
2023-03-12,109.0,73.0,79.0,87.0,87.0,70.0,55.0,50.0,60.0,33.0,52.0,82.0,71.57142857142857,61.07142857142857,1.0,6.123233995736766e-17,49.0,29.0,11.0,20.0,23.0
2023-03-13,107.0,109.0,73.0,79.0,87.0,87.0,70.0,55.0,50.0,52.0,50.0,56.0,80.0,65.14285714285714,1.0,6.123233995736766e-17,64.0,30.0,16.0,14.0,22.0
2023-03-14,81.0,107.0,109.0,73.0,79.0,87.0,87.0,70.0,55.0,60.0,63.0,45.0,87.42857142857143,69.21428571428571,1.0,6.123233995736766e-17,64.0,31.0,11.0,23.0,16.0
2023-03-15,63.0,81.0,107.0,109.0,73.0,79.0,87.0,87.0,70.0,50.0,44.0,44.0,89.0,70.5,1.0,6.123233995736766e-17,58.0,40.0,15.0,17.0,11.0
2023-03-16,107.0,63.0,81.0,107.0,109.0,73.0,79.0,87.0,87.0,55.0,33.0,59.0,85.57142857142857,71.85714285714286,1.0,6.123233995736766e-17,50.0,30.0,9.0,15.0,19.0
2023-03-17,92.0,107.0,63.0,81.0,107.0,109.0,73.0,79.0,87.0,70.0,52.0,49.0,88.42857142857143,77.14285714285714,1.0,6.123233995736766e-17,52.75,30.0,19.0,15.0,20.0
2023-03-18,85.0,92.0,107.0,63.0,81.0,107.0,109.0,73.0,79.0,87.0,60.0,61.0,90.28571428571429,80.0,1.0,6.123233995736766e-17,55.5,30.0,16.0,16.0,18.0
2023-03-19,84.0,85.0,92.0,107.0,63.0,81.0,107.0,109.0,73.0,87.0,50.0,52.0,92.0,81.78571428571429,1.0,6.123233995736766e-17,58.25,30.0,10.0,23.0,17.0
2023-03-20,91.0,84.0,85.0,92.0,107.0,63.0,81.0,107.0,109.0,79.0,55.0,50.0,88.42857142857143,84.21428571428571,1.0,6.123233995736766e-17,61.0,32.0,12.0,20.0,16.0
2023-03-21,94.0,91.0,84.0,85.0,92.0,107.0,63.0,81.0,107.0,73.0,70.0,63.0,86.14285714285714,86.78571428571429,1.0,6.123233995736766e-17,52.0,32.0,12.0,26.0,19.0
2023-03-22,87.0,94.0,91.0,84.0,85.0,92.0,107.0,63.0,81.0,109.0,87.0,44.0,88.0,88.5,1.0,6.123233995736766e-17,59.0,31.0,11.0,21.0,17.0
2023-03-23,87.0,87.0,94.0,91.0,84.0,85.0,92.0,107.0,63.0,107.0,87.0,33.0,91.42857142857143,88.5,1.0,6.123233995736766e-17,60.0,31.0,7.0,22.0,16.0
2023-03-24,87.0,87.0,87.0,94.0,91.0,84.0,85.0,92.0,107.0,81.0,79.0,52.0,88.57142857142857,88.5,1.0,6.123233995736766e-17,63.0,33.0,13.0,15.0,11.0
2023-03-25,91.0,87.0,87.0,87.0,94.0,91.0,84.0,85.0,92.0,63.0,73.0,60.0,87.85714285714286,89.07142857142857,1.0,6.123233995736766e-17,57.0,35.0,11.0,25.0,13.0
2023-03-26,71.0,91.0,87.0,87.0,87.0,94.0,91.0,84.0,85.0,107.0,109.0,50.0,88.71428571428571,90.35714285714286,1.0,6.123233995736766e-17,55.285714285714285,32.0,11.0,18.0,22.0
2023-03-27,76.0,71.0,91.0,87.0,87.0,87.0,94.0,91.0,84.0,92.0,107.0,55.0,86.85714285714286,87.64285714285714,1.0,6.123233995736766e-17,53.57142857142857,31.0,11.0,14.0,14.0
2023-03-28,85.0,76.0,71.0,91.0,87.0,87.0,87.0,94.0,91.0,85.0,81.0,70.0,84.71428571428571,85.42857142857143,1.0,6.123233995736766e-17,51.85714285714285,31.0,16.0,12.0,13.0
2023-03-29,113.0,85.0,76.0,71.0,91.0,87.0,87.0,87.0,94.0,84.0,63.0,87.0,83.42857142857143,85.71428571428571,1.0,6.123233995736766e-17,,32.0,18.0,7.0,18.0
2023-03-30,85.0,113.0,85.0,76.0,71.0,91.0,87.0,87.0,87.0,91.0,107.0,87.0,87.14285714285714,89.28571428571429,1.0,6.123233995736766e-17,,32.0,21.0,13.0,20.0
2023-03-31,57.0,85.0,113.0,85.0,76.0,71.0,91.0,87.0,87.0,94.0,92.0,79.0,86.85714285714286,87.71428571428571,1.0,6.123233995736766e-17,,33.0,17.0,12.0,15.0
2023-04-01,44.0,57.0,85.0,113.0,85.0,76.0,71.0,91.0,87.0,87.0,85.0,73.0,82.57142857142857,85.21428571428571,0.8660254037844387,-0.4999999999999998,45.0,49.0,13.0,22.0,29.0
2023-04-02,56.0,44.0,57.0,85.0,113.0,85.0,76.0,71.0,91.0,87.0,84.0,109.0,75.85714285714286,82.28571428571429,0.8660254037844387,-0.4999999999999998,34.0,51.0,11.0,20.0,19.0
2023-04-03,91.0,56.0,44.0,57.0,85.0,113.0,85.0,76.0,71.0,87.0,91.0,107.0,73.71428571428571,80.28571428571429,0.8660254037844387,-0.4999999999999998,35.0,34.0,5.0,10.0,6.0
2023-04-04,69.0,91.0,56.0,44.0,57.0,85.0,113.0,85.0,76.0,91.0,94.0,81.0,75.85714285714286,80.28571428571429,0.8660254037844387,-0.4999999999999998,43.0,33.0,8.0,15.0,15.0
2023-04-05,86.0,69.0,91.0,56.0,44.0,57.0,85.0,113.0,85.0,71.0,87.0,63.0,73.57142857142857,78.5,0.8660254037844387,-0.4999999999999998,51.0,35.0,6.0,11.0,8.0
2023-04-06,85.0,86.0,69.0,91.0,56.0,44.0,57.0,85.0,113.0,76.0,87.0,107.0,69.71428571428571,78.42857142857143,0.8660254037844387,-0.4999999999999998,50.833333333333336,36.0,7.0,26.0,16.0
2023-04-07,72.0,85.0,86.0,69.0,91.0,56.0,44.0,57.0,85.0,85.0,87.0,92.0,69.71428571428571,78.28571428571429,0.8660254037844387,-0.4999999999999998,50.66666666666666,35.0,6.0,24.0,16.0
2023-04-08,95.0,72.0,85.0,86.0,69.0,91.0,56.0,44.0,57.0,113.0,91.0,85.0,71.85714285714286,77.21428571428571,0.8660254037844387,-0.4999999999999998,50.5,37.0,5.0,22.0,15.0
2023-04-09,99.0,95.0,72.0,85.0,86.0,69.0,91.0,56.0,44.0,85.0,71.0,84.0,79.14285714285714,77.5,0.8660254037844387,-0.4999999999999998,,35.0,4.0,32.0,16.0
2023-04-10,57.0,99.0,95.0,72.0,85.0,86.0,69.0,91.0,56.0,57.0,76.0,91.0,85.28571428571429,79.5,0.8660254037844387,-0.4999999999999998,,35.0,10.0,14.0,17.0
2023-04-11,51.0,57.0,99.0,95.0,72.0,85.0,86.0,69.0,91.0,44.0,85.0,94.0,80.42857142857143,78.14285714285714,0.8660254037844387,-0.4999999999999998,50.0,35.0,6.0,8.0,5.0
2023-04-12,55.0,51.0,57.0,99.0,95.0,72.0,85.0,86.0,69.0,56.0,113.0,87.0,77.85714285714286,75.71428571428571,0.8660254037844387,-0.4999999999999998,27.0,47.0,12.0,14.0,17.0
2023-04-13,60.0,55.0,51.0,57.0,99.0,95.0,72.0,85.0,86.0,91.0,85.0,87.0,73.42857142857143,71.57142857142857,0.8660254037844387,-0.4999999999999998,33.5,32.0,3.0,7.0,7.0
2023-04-14,70.0,60.0,55.0,51.0,57.0,99.0,95.0,72.0,85.0,69.0,57.0,87.0,69.85714285714286,69.78571428571429,0.8660254037844387,-0.4999999999999998,40.0,50.0,4.0,9.0,7.0
2023-04-15,94.0,70.0,60.0,55.0,51.0,57.0,99.0,95.0,72.0,86.0,44.0,91.0,69.57142857142857,70.71428571428571,0.8660254037844387,-0.4999999999999998,50.0,34.0,3.0,17.0,13.0
2023-04-16,82.0,94.0,70.0,60.0,55.0,51.0,57.0,99.0,95.0,85.0,56.0,71.0,69.42857142857143,74.28571428571429,0.8660254037844387,-0.4999999999999998,65.0,52.0,12.0,27.0,53.0
2023-04-17,72.0,82.0,94.0,70.0,60.0,55.0,51.0,57.0,99.0,72.0,91.0,76.0,67.0,76.14285714285714,0.8660254037844387,-0.4999999999999998,57.0,33.0,6.0,17.0,11.0
2023-04-18,86.0,72.0,82.0,94.0,70.0,60.0,55.0,51.0,57.0,95.0,69.0,85.0,69.14285714285714,74.78571428571429,0.8660254037844387,-0.4999999999999998,51.0,32.0,4.0,19.0,13.0
2023-04-19,88.0,86.0,72.0,82.0,94.0,70.0,60.0,55.0,51.0,99.0,86.0,113.0,74.14285714285714,76.0,0.8660254037844387,-0.4999999999999998,62.0,38.0,5.0,20.0,14.0
2023-04-20,85.0,88.0,86.0,72.0,82.0,94.0,70.0,60.0,55.0,57.0,85.0,85.0,78.85714285714286,76.14285714285714,0.8660254037844387,-0.4999999999999998,61.53846153846154,33.0,7.0,19.0,11.0
2023-04-21,78.0,85.0,88.0,86.0,72.0,82.0,94.0,70.0,60.0,51.0,72.0,57.0,82.42857142857143,76.14285714285714,0.8660254037844387,-0.4999999999999998,61.07692307692308,32.0,13.0,18.0,15.0
2023-04-22,79.0,78.0,85.0,88.0,86.0,72.0,82.0,94.0,70.0,55.0,95.0,44.0,83.57142857142857,76.57142857142857,0.8660254037844387,-0.4999999999999998,60.61538461538461,32.0,8.0,18.0,13.0
2023-04-23,78.0,79.0,78.0,85.0,88.0,86.0,72.0,82.0,94.0,60.0,99.0,56.0,81.42857142857143,75.42857142857143,0.8660254037844387,-0.4999999999999998,,33.0,7.333333333333333,19.0,11.0
2023-04-24,76.0,78.0,79.0,78.0,85.0,88.0,86.0,72.0,82.0,70.0,57.0,91.0,80.85714285714286,73.92857142857143,0.8660254037844387,-0.4999999999999998,,34.0,6.666666666666667,21.0,5.0
2023-04-25,64.0,76.0,78.0,79.0,78.0,85.0,88.0,86.0,72.0,94.0,51.0,69.0,81.42857142857143,75.28571428571429,0.8660254037844387,-0.4999999999999998,,33.0,6.0,19.0,10.0
2023-04-26,80.0,64.0,76.0,78.0,79.0,78.0,85.0,88.0,86.0,82.0,55.0,86.0,78.28571428571429,76.21428571428571,0.8660254037844387,-0.4999999999999998,,33.0,5.0,18.0,11.0
2023-04-27,83.0,80.0,64.0,76.0,78.0,79.0,78.0,85.0,88.0,72.0,60.0,85.0,77.14285714285714,78.0,0.8660254037844387,-0.4999999999999998,,34.0,7.0,15.0,13.0
2023-04-28,81.0,83.0,80.0,64.0,76.0,78.0,79.0,78.0,85.0,86.0,70.0,72.0,76.85714285714286,79.64285714285714,0.8660254037844387,-0.4999999999999998,,34.0,10.0,16.0,13.0
2023-04-29,98.0,81.0,83.0,80.0,64.0,76.0,78.0,79.0,78.0,88.0,94.0,95.0,77.28571428571429,80.42857142857143,0.8660254037844387,-0.4999999999999998,,33.0,6.0,14.0,10.0
2023-04-30,104.0,98.0,81.0,83.0,80.0,64.0,76.0,78.0,79.0,85.0,82.0,99.0,80.0,80.71428571428571,0.8660254037844387,-0.4999999999999998,,34.0,9.0,18.0,18.0
2023-05-01,80.0,104.0,98.0,81.0,83.0,80.0,64.0,76.0,78.0,78.0,72.0,57.0,83.71428571428571,82.28571428571429,0.49999999999999994,-0.8660254037844387,,33.0,6.0,18.0,13.0
2023-05-02,113.0,80.0,104.0,98.0,81.0,83.0,80.0,64.0,76.0,79.0,86.0,51.0,84.28571428571429,82.85714285714286,0.49999999999999994,-0.8660254037844387,56.0,50.0,12.0,21.0,10.0
2023-05-03,92.0,113.0,80.0,104.0,98.0,81.0,83.0,80.0,64.0,78.0,88.0,55.0,91.28571428571429,84.78571428571429,0.49999999999999994,-0.8660254037844387,56.02127659574468,35.0,15.0,15.0,14.0
2023-05-04,62.0,92.0,113.0,80.0,104.0,98.0,81.0,83.0,80.0,76.0,85.0,60.0,93.0,85.07142857142857,0.49999999999999994,-0.8660254037844387,56.04255319148936,35.0,18.0,18.0,13.0
2023-05-05,82.0,62.0,92.0,113.0,80.0,104.0,98.0,81.0,83.0,64.0,78.0,70.0,90.0,83.42857142857143,0.49999999999999994,-0.8660254037844387,56.06382978723404,33.0,21.0,15.0,15.0
2023-05-06,71.0,82.0,62.0,92.0,113.0,80.0,104.0,98.0,81.0,80.0,79.0,94.0,90.14285714285714,83.71428571428571,0.49999999999999994,-0.8660254037844387,,34.0,24.0,23.0,15.0
2023-05-07,107.0,71.0,82.0,62.0,92.0,113.0,80.0,104.0,98.0,83.0,78.0,82.0,86.28571428571429,83.14285714285714,0.49999999999999994,-0.8660254037844387,,34.0,20.0,26.0,13.0
2023-05-08,88.0,107.0,71.0,82.0,62.0,92.0,113.0,80.0,104.0,81.0,76.0,72.0,86.71428571428571,85.21428571428571,0.49999999999999994,-0.8660254037844387,,37.0,37.0,17.0,19.0
2023-05-09,86.0,88.0,107.0,71.0,82.0,62.0,92.0,113.0,80.0,98.0,64.0,86.0,87.85714285714286,86.07142857142857,0.49999999999999994,-0.8660254037844387,,34.0,34.0,21.0,20.0
2023-05-10,123.0,86.0,88.0,107.0,71.0,82.0,62.0,92.0,113.0,104.0,80.0,88.0,84.0,87.64285714285714,0.49999999999999994,-0.8660254037844387,,35.0,36.0,21.0,17.0
2023-05-11,109.0,123.0,86.0,88.0,107.0,71.0,82.0,62.0,92.0,80.0,83.0,85.0,88.42857142857143,90.71428571428571,0.49999999999999994,-0.8660254037844387,,36.0,26.0,19.0,13.0
2023-05-12,59.0,109.0,123.0,86.0,88.0,107.0,71.0,82.0,62.0,113.0,81.0,78.0,95.14285714285714,92.57142857142857,0.49999999999999994,-0.8660254037844387,,36.0,21.0,16.0,13.0
2023-05-13,89.0,59.0,109.0,123.0,86.0,88.0,107.0,71.0,82.0,92.0,98.0,79.0,91.85714285714286,91.0,0.49999999999999994,-0.8660254037844387,,39.0,13.0,12.0,13.0
2023-05-14,78.0,89.0,59.0,109.0,123.0,86.0,88.0,107.0,71.0,62.0,104.0,78.0,94.42857142857143,90.35714285714286,0.49999999999999994,-0.8660254037844387,,36.0,20.0,17.0,12.0
2023-05-15,102.0,78.0,89.0,59.0,109.0,123.0,86.0,88.0,107.0,82.0,80.0,76.0,90.28571428571429,88.5,0.49999999999999994,-0.8660254037844387,,34.0,23.0,17.0,12.0
2023-05-16,104.0,102.0,78.0,89.0,59.0,109.0,123.0,86.0,88.0,71.0,113.0,64.0,92.28571428571429,90.07142857142857,0.49999999999999994,-0.8660254037844387,,37.0,24.0,25.0,17.0
2023-05-17,114.0,104.0,102.0,78.0,89.0,59.0,109.0,123.0,86.0,107.0,92.0,80.0,94.85714285714286,89.42857142857143,0.49999999999999994,-0.8660254037844387,,37.0,22.0,26.0,17.0
2023-05-18,113.0,114.0,104.0,102.0,78.0,89.0,59.0,109.0,123.0,88.0,62.0,83.0,93.57142857142857,91.0,0.49999999999999994,-0.8660254037844387,,37.0,22.0,22.0,15.0
2023-05-19,114.0,113.0,114.0,104.0,102.0,78.0,89.0,59.0,109.0,86.0,82.0,81.0,94.14285714285714,94.64285714285714,0.49999999999999994,-0.8660254037844387,,37.0,21.0,22.0,16.0
2023-05-20,119.0,114.0,113.0,114.0,104.0,102.0,78.0,89.0,59.0,123.0,71.0,98.0,102.0,96.92857142857143,0.49999999999999994,-0.8660254037844387,,37.0,23.0,23.0,16.0
2023-05-21,118.0,119.0,114.0,113.0,114.0,104.0,102.0,78.0,89.0,109.0,107.0,104.0,106.28571428571429,100.35714285714286,0.49999999999999994,-0.8660254037844387,,36.0,27.0,16.0,16.0
2023-05-22,97.0,118.0,119.0,114.0,113.0,114.0,104.0,102.0,78.0,59.0,88.0,80.0,112.0,101.14285714285714,0.49999999999999994,-0.8660254037844387,,37.0,26.0,22.0,15.0
2023-05-23,115.0,97.0,118.0,119.0,114.0,113.0,114.0,104.0,102.0,89.0,86.0,113.0,111.28571428571429,101.78571428571429,0.49999999999999994,-0.8660254037844387,,35.0,30.0,27.0,17.0
2023-05-24,170.0,115.0,97.0,118.0,119.0,114.0,113.0,114.0,104.0,78.0,123.0,92.0,112.85714285714286,103.85714285714286,0.49999999999999994,-0.8660254037844387,,35.0,33.0,18.0,21.0
2023-05-25,136.0,170.0,115.0,97.0,118.0,119.0,114.0,113.0,114.0,102.0,109.0,62.0,120.85714285714286,107.21428571428571,0.49999999999999994,-0.8660254037844387,,38.0,35.0,17.0,18.0
2023-05-26,135.0,136.0,170.0,115.0,97.0,118.0,119.0,114.0,113.0,104.0,59.0,82.0,124.14285714285714,109.14285714285714,0.49999999999999994,-0.8660254037844387,,38.0,29.0,20.0,17.0
2023-05-27,139.0,135.0,136.0,170.0,115.0,97.0,118.0,119.0,114.0,114.0,89.0,71.0,127.14285714285714,114.57142857142857,0.49999999999999994,-0.8660254037844387,,39.0,28.0,22.0,24.0
2023-05-28,115.0,139.0,135.0,136.0,170.0,115.0,97.0,118.0,119.0,113.0,78.0,107.0,130.0,118.14285714285714,0.49999999999999994,-0.8660254037844387,,38.0,23.0,22.0,12.0
2023-05-29,126.0,115.0,139.0,135.0,136.0,170.0,115.0,97.0,118.0,114.0,102.0,88.0,129.57142857142858,120.78571428571429,0.49999999999999994,-0.8660254037844387,,36.0,30.0,19.0,19.0
2023-05-30,128.0,126.0,115.0,139.0,135.0,136.0,170.0,115.0,97.0,119.0,104.0,86.0,133.71428571428572,122.5,0.49999999999999994,-0.8660254037844387,,37.0,32.0,19.0,15.0
2023-05-31,110.0,128.0,126.0,115.0,139.0,135.0,136.0,170.0,115.0,118.0,114.0,123.0,135.57142857142858,124.21428571428571,0.49999999999999994,-0.8660254037844387,,38.0,28.0,24.0,17.0
2023-06-01,111.0,110.0,128.0,126.0,115.0,139.0,135.0,136.0,170.0,97.0,113.0,109.0,127.0,123.92857142857143,1.2246467991473532e-16,-1.0,,37.0,26.0,21.0,24.0
2023-06-02,136.0,111.0,110.0,128.0,126.0,115.0,139.0,135.0,136.0,115.0,114.0,59.0,123.42857142857143,123.78571428571429,1.2246467991473532e-16,-1.0,,39.0,25.0,23.0,21.0
2023-06-03,116.0,136.0,111.0,110.0,128.0,126.0,115.0,139.0,135.0,170.0,119.0,89.0,123.57142857142857,125.35714285714286,1.2246467991473532e-16,-1.0,,38.0,25.0,21.0,12.0
2023-06-04,117.0,116.0,136.0,111.0,110.0,128.0,126.0,115.0,139.0,136.0,118.0,78.0,120.28571428571429,125.14285714285714,1.2246467991473532e-16,-1.0,,39.0,21.0,21.0,15.0
2023-06-05,105.0,117.0,116.0,136.0,111.0,110.0,128.0,126.0,115.0,135.0,97.0,102.0,120.57142857142857,125.07142857142857,1.2246467991473532e-16,-1.0,,38.0,24.0,21.0,13.0
2023-06-06,105.0,105.0,117.0,116.0,136.0,111.0,110.0,128.0,126.0,139.0,115.0,104.0,117.57142857142857,125.64285714285714,1.2246467991473532e-16,-1.0,,40.0,22.0,22.0,13.0
2023-06-07,102.0,105.0,105.0,117.0,116.0,136.0,111.0,110.0,128.0,115.0,170.0,114.0,114.28571428571429,124.92857142857143,1.2246467991473532e-16,-1.0,,37.0,25.0,14.0,13.0
2023-06-08,118.0,102.0,105.0,105.0,117.0,116.0,136.0,111.0,110.0,126.0,136.0,113.0,113.14285714285714,120.07142857142857,1.2246467991473532e-16,-1.0,,37.0,29.0,18.0,16.0
2023-06-09,115.0,118.0,102.0,105.0,105.0,117.0,116.0,136.0,111.0,128.0,135.0,114.0,114.14285714285714,118.78571428571429,1.2246467991473532e-16,-1.0,,39.0,22.0,15.0,17.0
2023-06-10,106.0,115.0,118.0,102.0,105.0,105.0,117.0,116.0,136.0,110.0,139.0,119.0,111.14285714285714,117.35714285714286,1.2246467991473532e-16,-1.0,,38.0,24.0,15.0,14.0
2023-06-11,116.0,106.0,115.0,118.0,102.0,105.0,105.0,117.0,116.0,111.0,115.0,118.0,109.71428571428571,115.0,1.2246467991473532e-16,-1.0,,37.0,22.0,18.0,13.0
2023-06-12,113.0,116.0,106.0,115.0,118.0,102.0,105.0,105.0,117.0,136.0,126.0,97.0,109.57142857142857,115.07142857142857,1.2246467991473532e-16,-1.0,,39.0,22.0,25.0,14.0
2023-06-13,133.0,113.0,116.0,106.0,115.0,118.0,102.0,105.0,105.0,116.0,128.0,115.0,110.71428571428571,114.14285714285714,1.2246467991473532e-16,-1.0,,38.0,20.0,22.0,15.0
2023-06-14,102.0,133.0,113.0,116.0,106.0,115.0,118.0,102.0,105.0,117.0,110.0,170.0,114.71428571428571,114.5,1.2246467991473532e-16,-1.0,,40.0,24.0,19.0,13.0
2023-06-15,121.0,102.0,133.0,113.0,116.0,106.0,115.0,118.0,102.0,105.0,111.0,136.0,114.71428571428571,113.92857142857143,1.2246467991473532e-16,-1.0,,37.0,22.0,15.0,13.0
2023-06-16,108.0,121.0,102.0,133.0,113.0,116.0,106.0,115.0,118.0,105.0,136.0,135.0,115.14285714285714,114.64285714285714,1.2246467991473532e-16,-1.0,,39.0,31.0,14.0,17.0
2023-06-17,85.0,108.0,121.0,102.0,133.0,113.0,116.0,106.0,115.0,102.0,116.0,139.0,114.14285714285714,112.64285714285714,1.2246467991473532e-16,-1.0,,37.0,24.0,14.0,15.0
2023-06-18,112.0,85.0,108.0,121.0,102.0,133.0,113.0,116.0,106.0,118.0,117.0,115.0,111.14285714285714,110.42857142857143,1.2246467991473532e-16,-1.0,57.0,46.0,13.0,23.0,28.0
2023-06-19,83.0,112.0,85.0,108.0,121.0,102.0,133.0,113.0,116.0,115.0,105.0,126.0,110.57142857142857,110.07142857142857,1.2246467991473532e-16,-1.0,56.86666666666667,37.0,39.0,12.0,15.0
2023-06-20,102.0,83.0,112.0,85.0,108.0,121.0,102.0,133.0,113.0,106.0,105.0,128.0,106.28571428571429,108.5,1.2246467991473532e-16,-1.0,56.73333333333333,36.0,22.0,13.0,14.0
2023-06-21,108.0,102.0,83.0,112.0,85.0,108.0,121.0,102.0,133.0,116.0,102.0,110.0,101.85714285714286,108.28571428571429,1.2246467991473532e-16,-1.0,56.6,38.0,36.0,11.0,15.0
2023-06-22,119.0,108.0,102.0,83.0,112.0,85.0,108.0,121.0,102.0,113.0,118.0,111.0,102.71428571428571,108.71428571428571,1.2246467991473532e-16,-1.0,,39.0,22.0,20.0,16.0
2023-06-23,98.0,119.0,108.0,102.0,83.0,112.0,85.0,108.0,121.0,133.0,115.0,136.0,102.42857142857143,108.78571428571429,1.2246467991473532e-16,-1.0,,37.0,40.0,16.0,22.0
2023-06-24,92.0,98.0,119.0,108.0,102.0,83.0,112.0,85.0,108.0,102.0,106.0,116.0,101.0,107.57142857142857,1.2246467991473532e-16,-1.0,,38.0,21.0,17.0,14.0
2023-06-25,104.0,92.0,98.0,119.0,108.0,102.0,83.0,112.0,85.0,121.0,116.0,117.0,102.0,106.57142857142857,1.2246467991473532e-16,-1.0,,38.0,21.0,25.0,14.0
2023-06-26,93.0,104.0,92.0,98.0,119.0,108.0,102.0,83.0,112.0,108.0,113.0,105.0,100.85714285714286,105.71428571428571,1.2246467991473532e-16,-1.0,,38.0,25.0,20.0,19.0
2023-06-27,113.0,93.0,104.0,92.0,98.0,119.0,108.0,102.0,83.0,85.0,133.0,105.0,102.28571428571429,104.28571428571429,1.2246467991473532e-16,-1.0,,38.0,24.0,23.0,17.0
2023-06-28,84.0,113.0,93.0,104.0,92.0,98.0,119.0,108.0,102.0,112.0,102.0,102.0,103.85714285714286,102.85714285714286,1.2246467991473532e-16,-1.0,,39.0,27.0,23.0,17.0
2023-06-29,64.0,84.0,113.0,93.0,104.0,92.0,98.0,119.0,108.0,83.0,121.0,118.0,100.42857142857143,101.57142857142857,1.2246467991473532e-16,-1.0,,39.0,19.0,22.0,14.0
2023-06-30,77.0,64.0,84.0,113.0,93.0,104.0,92.0,98.0,119.0,102.0,108.0,115.0,92.57142857142857,97.5,1.2246467991473532e-16,-1.0,,38.0,16.0,18.0,10.0
2023-07-01,98.0,77.0,64.0,84.0,113.0,93.0,104.0,92.0,98.0,108.0,85.0,106.0,89.57142857142857,95.28571428571429,-0.4999999999999997,-0.8660254037844388,,39.0,17.0,21.0,11.0
2023-07-02,83.0,98.0,77.0,64.0,84.0,113.0,93.0,104.0,92.0,119.0,112.0,116.0,90.42857142857143,96.21428571428571,-0.4999999999999997,-0.8660254037844388,,38.0,27.0,17.0,18.0
2023-07-03,97.0,83.0,98.0,77.0,64.0,84.0,113.0,93.0,104.0,98.0,83.0,113.0,87.42857142857143,94.14285714285714,-0.4999999999999997,-0.8660254037844388,55.0,37.0,11.0,26.0,27.0
2023-07-04,88.0,97.0,83.0,98.0,77.0,64.0,84.0,113.0,93.0,92.0,102.0,133.0,88.0,95.14285714285714,-0.4999999999999997,-0.8660254037844388,55.492537313432834,39.0,21.0,23.0,13.0
2023-07-05,119.0,88.0,97.0,83.0,98.0,77.0,64.0,84.0,113.0,104.0,108.0,102.0,84.42857142857143,94.14285714285714,-0.4999999999999997,-0.8660254037844388,55.98507462686568,39.0,22.0,23.0,17.0
2023-07-06,113.0,119.0,88.0,97.0,83.0,98.0,77.0,64.0,84.0,93.0,119.0,121.0,89.42857142857143,94.92857142857143,-0.4999999999999997,-0.8660254037844388,56.47761194029851,39.0,31.0,22.0,16.0
2023-07-07,107.0,113.0,119.0,88.0,97.0,83.0,98.0,77.0,64.0,113.0,98.0,108.0,96.42857142857143,94.5,-0.4999999999999997,-0.8660254037844388,,38.0,38.0,12.0,24.0
2023-07-08,98.0,107.0,113.0,119.0,88.0,97.0,83.0,98.0,77.0,84.0,92.0,85.0,100.71428571428571,95.14285714285714,-0.4999999999999997,-0.8660254037844388,,39.0,33.0,12.0,21.0
2023-07-09,92.0,98.0,107.0,113.0,119.0,88.0,97.0,83.0,98.0,64.0,104.0,112.0,100.71428571428571,95.57142857142857,-0.4999999999999997,-0.8660254037844388,,39.0,34.0,15.0,18.0
2023-07-10,84.0,92.0,98.0,107.0,113.0,119.0,88.0,97.0,83.0,77.0,93.0,83.0,102.0,94.71428571428571,-0.4999999999999997,-0.8660254037844388,,38.0,30.0,13.0,11.0
2023-07-11,151.0,84.0,92.0,98.0,107.0,113.0,119.0,88.0,97.0,98.0,113.0,102.0,100.14285714285714,94.07142857142857,-0.4999999999999997,-0.8660254037844388,,39.0,18.0,16.0,12.0
2023-07-12,136.0,151.0,84.0,92.0,98.0,107.0,113.0,119.0,88.0,83.0,84.0,108.0,109.14285714285714,96.78571428571429,-0.4999999999999997,-0.8660254037844388,,40.0,29.0,14.0,18.0
2023-07-13,120.0,136.0,151.0,84.0,92.0,98.0,107.0,113.0,119.0,97.0,64.0,119.0,111.57142857142857,100.5,-0.4999999999999997,-0.8660254037844388,,40.0,29.0,20.0,15.0
2023-07-14,104.0,120.0,136.0,151.0,84.0,92.0,98.0,107.0,113.0,88.0,77.0,98.0,112.57142857142857,104.5,-0.4999999999999997,-0.8660254037844388,,42.0,23.0,29.0,21.0
2023-07-15,90.0,104.0,120.0,136.0,151.0,84.0,92.0,98.0,107.0,119.0,98.0,92.0,112.14285714285714,106.42857142857143,-0.4999999999999997,-0.8660254037844388,,42.0,21.0,32.0,21.0
2023-07-16,101.0,90.0,104.0,120.0,136.0,151.0,84.0,92.0,98.0,113.0,83.0,104.0,111.0,105.85714285714286,-0.4999999999999997,-0.8660254037844388,,42.0,20.0,23.0,19.0
2023-07-17,97.0,101.0,90.0,104.0,120.0,136.0,151.0,84.0,92.0,107.0,97.0,93.0,112.28571428571429,107.14285714285714,-0.4999999999999997,-0.8660254037844388,,41.0,21.0,23.0,17.0
2023-07-18,114.0,97.0,101.0,90.0,104.0,120.0,136.0,151.0,84.0,98.0,88.0,113.0,114.14285714285714,107.14285714285714,-0.4999999999999997,-0.8660254037844388,,41.0,19.0,24.0,16.0
2023-07-19,130.0,114.0,97.0,101.0,90.0,104.0,120.0,136.0,151.0,92.0,119.0,84.0,108.85714285714286,109.0,-0.4999999999999997,-0.8660254037844388,,37.75,21.0,23.0,16.0
2023-07-20,110.0,130.0,114.0,97.0,101.0,90.0,104.0,120.0,136.0,84.0,113.0,64.0,108.0,109.78571428571429,-0.4999999999999997,-0.8660254037844388,,34.5,22.0,22.0,15.0
2023-07-21,112.0,110.0,130.0,114.0,97.0,101.0,90.0,104.0,120.0,151.0,107.0,77.0,106.57142857142857,109.57142857142857,-0.4999999999999997,-0.8660254037844388,,31.25,21.0,30.0,15.0
2023-07-22,125.0,112.0,110.0,130.0,114.0,97.0,101.0,90.0,104.0,136.0,98.0,98.0,107.71428571428571,109.92857142857143,-0.4999999999999997,-0.8660254037844388,,28.0,24.0,32.0,20.0
2023-07-23,146.0,125.0,112.0,110.0,130.0,114.0,97.0,101.0,90.0,120.0,92.0,83.0,112.71428571428571,111.85714285714286,-0.4999999999999997,-0.8660254037844388,,29.0,24.0,33.0,20.0
2023-07-24,104.0,146.0,125.0,112.0,110.0,130.0,114.0,97.0,101.0,104.0,84.0,97.0,119.14285714285714,115.71428571428571,-0.4999999999999997,-0.8660254037844388,,27.0,23.0,22.0,13.0
2023-07-25,117.0,104.0,146.0,125.0,112.0,110.0,130.0,114.0,97.0,90.0,151.0,88.0,120.14285714285714,117.14285714285714,-0.4999999999999997,-0.8660254037844388,,25.0,19.0,22.0,12.0
2023-07-26,124.0,117.0,104.0,146.0,125.0,112.0,110.0,130.0,114.0,101.0,136.0,119.0,120.57142857142857,114.71428571428571,-0.4999999999999997,-0.8660254037844388,,26.0,27.0,19.0,19.0
2023-07-27,129.0,124.0,117.0,104.0,146.0,125.0,112.0,110.0,130.0,97.0,120.0,113.0,119.71428571428571,113.85714285714286,-0.4999999999999997,-0.8660254037844388,,26.0,24.0,28.0,18.0
2023-07-28,129.0,129.0,124.0,117.0,104.0,146.0,125.0,112.0,110.0,114.0,104.0,107.0,122.42857142857143,114.5,-0.4999999999999997,-0.8660254037844388,,26.0,34.0,25.0,24.0
2023-07-29,117.0,129.0,129.0,124.0,117.0,104.0,146.0,125.0,112.0,130.0,90.0,98.0,124.85714285714286,116.28571428571429,-0.4999999999999997,-0.8660254037844388,,28.0,31.0,23.0,21.0
2023-07-30,129.0,117.0,129.0,129.0,124.0,117.0,104.0,146.0,125.0,110.0,101.0,92.0,123.71428571428571,118.21428571428571,-0.4999999999999997,-0.8660254037844388,,27.0,21.0,26.0,17.0
2023-07-31,115.0,129.0,117.0,129.0,129.0,124.0,117.0,104.0,146.0,112.0,97.0,84.0,121.28571428571429,120.21428571428571,-0.4999999999999997,-0.8660254037844388,,27.0,22.0,26.0,13.0
2023-08-01,103.0,115.0,129.0,117.0,129.0,129.0,124.0,117.0,104.0,125.0,114.0,151.0,122.85714285714286,121.5,-0.8660254037844384,-0.5000000000000004,,26.0,18.0,24.0,14.0
2023-08-02,99.0,103.0,115.0,129.0,117.0,129.0,129.0,124.0,117.0,146.0,130.0,136.0,120.85714285714286,120.71428571428571,-0.8660254037844384,-0.5000000000000004,,28.0,17.0,20.0,14.0
2023-08-03,106.0,99.0,103.0,115.0,129.0,117.0,129.0,129.0,124.0,104.0,110.0,120.0,117.28571428571429,118.5,-0.8660254037844384,-0.5000000000000004,,29.0,18.0,23.0,13.0
2023-08-04,110.0,106.0,99.0,103.0,115.0,129.0,117.0,129.0,129.0,117.0,112.0,104.0,114.0,118.21428571428571,-0.8660254037844384,-0.5000000000000004,,28.0,21.0,22.0,14.0
2023-08-05,111.0,110.0,106.0,99.0,103.0,115.0,129.0,117.0,129.0,124.0,125.0,90.0,111.28571428571429,118.07142857142857,-0.8660254037844384,-0.5000000000000004,,27.0,19.0,25.0,13.0
2023-08-06,118.0,111.0,110.0,106.0,99.0,103.0,115.0,129.0,117.0,129.0,146.0,101.0,110.42857142857143,117.07142857142857,-0.8660254037844384,-0.5000000000000004,,26.0,18.0,26.0,12.0
2023-08-07,139.0,118.0,111.0,110.0,106.0,99.0,103.0,115.0,129.0,129.0,104.0,97.0,108.85714285714286,115.07142857142857,-0.8660254037844384,-0.5000000000000004,,26.0,22.0,23.0,14.0
2023-08-08,105.0,139.0,118.0,111.0,110.0,106.0,99.0,103.0,115.0,117.0,117.0,114.0,112.28571428571429,117.57142857142857,-0.8660254037844384,-0.5000000000000004,,25.0,31.0,28.0,18.0
2023-08-09,104.0,105.0,139.0,118.0,111.0,110.0,106.0,99.0,103.0,129.0,124.0,130.0,112.57142857142857,116.71428571428571,-0.8660254037844384,-0.5000000000000004,,26.0,19.0,22.0,12.0
2023-08-10,102.0,104.0,105.0,139.0,118.0,111.0,110.0,106.0,99.0,115.0,129.0,110.0,113.28571428571429,115.28571428571429,-0.8660254037844384,-0.5000000000000004,,27.0,16.0,24.0,10.0
2023-08-11,119.0,102.0,104.0,105.0,139.0,118.0,111.0,110.0,106.0,103.0,129.0,112.0,112.71428571428571,113.35714285714286,-0.8660254037844384,-0.5000000000000004,,26.0,16.0,32.0,10.0
2023-08-12,126.0,119.0,102.0,104.0,105.0,139.0,118.0,111.0,110.0,99.0,117.0,125.0,114.0,112.64285714285714,-0.8660254037844384,-0.5000000000000004,,28.0,21.0,32.0,14.0
2023-08-13,128.0,126.0,119.0,102.0,104.0,105.0,139.0,118.0,111.0,106.0,129.0,146.0,116.14285714285714,113.28571428571429,-0.8660254037844384,-0.5000000000000004,,27.0,20.0,29.0,15.0
2023-08-14,115.0,128.0,126.0,119.0,102.0,104.0,105.0,139.0,118.0,110.0,115.0,104.0,117.57142857142857,113.21428571428571,-0.8660254037844384,-0.5000000000000004,,26.0,22.0,26.0,13.0
2023-08-15,122.0,115.0,128.0,126.0,119.0,102.0,104.0,105.0,139.0,111.0,103.0,117.0,114.14285714285714,113.21428571428571,-0.8660254037844384,-0.5000000000000004,,26.0,19.0,27.0,14.0
2023-08-16,138.0,122.0,115.0,128.0,126.0,119.0,102.0,104.0,105.0,118.0,99.0,124.0,116.57142857142857,114.57142857142857,-0.8660254037844384,-0.5000000000000004,,28.0,23.0,30.0,18.0
2023-08-17,111.0,138.0,122.0,115.0,128.0,126.0,119.0,102.0,104.0,139.0,106.0,129.0,121.42857142857143,117.35714285714286,-0.8660254037844384,-0.5000000000000004,,27.0,24.0,29.0,15.0
2023-08-18,82.0,111.0,138.0,122.0,115.0,128.0,126.0,119.0,102.0,105.0,110.0,129.0,122.71428571428571,117.71428571428571,-0.8660254037844384,-0.5000000000000004,,27.0,23.0,23.0,18.0
2023-08-19,127.0,82.0,111.0,138.0,122.0,115.0,128.0,126.0,119.0,104.0,111.0,117.0,117.42857142857143,115.71428571428571,-0.8660254037844384,-0.5000000000000004,,26.0,15.0,25.0,12.0
2023-08-20,113.0,127.0,82.0,111.0,138.0,122.0,115.0,128.0,126.0,102.0,118.0,129.0,117.57142857142857,116.85714285714286,-0.8660254037844384,-0.5000000000000004,,27.0,23.0,29.0,16.0
2023-08-21,105.0,113.0,127.0,82.0,111.0,138.0,122.0,115.0,128.0,119.0,139.0,115.0,115.42857142857143,116.5,-0.8660254037844384,-0.5000000000000004,,27.0,17.0,28.0,10.0
2023-08-22,123.0,105.0,113.0,127.0,82.0,111.0,138.0,122.0,115.0,126.0,105.0,103.0,114.0,114.07142857142857,-0.8660254037844384,-0.5000000000000004,,26.0,19.0,26.0,13.0
2023-08-23,110.0,123.0,105.0,113.0,127.0,82.0,111.0,138.0,122.0,128.0,104.0,99.0,114.14285714285714,115.35714285714286,-0.8660254037844384,-0.5000000000000004,,27.0,22.0,23.0,20.0
2023-08-24,114.0,110.0,123.0,105.0,113.0,127.0,82.0,111.0,138.0,115.0,102.0,106.0,110.14285714285714,115.78571428571429,-0.8660254037844384,-0.5000000000000004,,27.0,19.0,26.0,15.0
2023-08-25,112.0,114.0,110.0,123.0,105.0,113.0,127.0,82.0,111.0,122.0,119.0,110.0,110.57142857142857,116.64285714285714,-0.8660254037844384,-0.5000000000000004,,28.0,20.0,26.0,17.0
2023-08-26,96.0,112.0,114.0,110.0,123.0,105.0,113.0,127.0,82.0,138.0,126.0,111.0,114.85714285714286,116.14285714285714,-0.8660254037844384,-0.5000000000000004,,28.0,20.0,33.0,15.0
2023-08-27,139.0,96.0,112.0,114.0,110.0,123.0,105.0,113.0,127.0,111.0,128.0,118.0,110.42857142857143,114.0,-0.8660254037844384,-0.5000000000000004,,27.0,17.0,30.0,10.0
2023-08-28,98.0,139.0,96.0,112.0,114.0,110.0,123.0,105.0,113.0,82.0,115.0,139.0,114.14285714285714,114.78571428571429,-0.8660254037844384,-0.5000000000000004,,27.0,23.0,29.0,18.0
2023-08-29,108.0,98.0,139.0,96.0,112.0,114.0,110.0,123.0,105.0,127.0,122.0,105.0,113.14285714285714,113.57142857142857,-0.8660254037844384,-0.5000000000000004,,27.0,25.0,20.0,22.0
2023-08-30,113.0,108.0,98.0,139.0,96.0,112.0,114.0,110.0,123.0,113.0,138.0,104.0,111.0,112.57142857142857,-0.8660254037844384,-0.5000000000000004,,28.0,22.0,21.0,21.0
2023-08-31,108.0,113.0,108.0,98.0,139.0,96.0,112.0,114.0,110.0,105.0,111.0,102.0,111.42857142857143,110.78571428571429,-0.8660254037844384,-0.5000000000000004,,27.0,24.0,29.0,17.0
2023-09-01,117.0,108.0,113.0,108.0,98.0,139.0,96.0,112.0,114.0,123.0,82.0,119.0,110.57142857142857,110.57142857142857,-1.0,-1.8369701987210297e-16,,27.0,22.0,32.0,19.0
2023-09-02,112.0,117.0,108.0,113.0,108.0,98.0,139.0,96.0,112.0,110.0,127.0,126.0,111.28571428571429,113.07142857142857,-1.0,-1.8369701987210297e-16,,27.0,24.0,34.0,24.0
2023-09-03,102.0,112.0,117.0,108.0,113.0,108.0,98.0,139.0,96.0,114.0,113.0,128.0,113.57142857142857,112.0,-1.0,-1.8369701987210297e-16,,28.0,23.0,33.0,21.0
2023-09-04,96.0,102.0,112.0,117.0,108.0,113.0,108.0,98.0,139.0,112.0,105.0,115.0,108.28571428571429,111.21428571428571,-1.0,-1.8369701987210297e-16,,26.0,18.0,32.0,17.0
2023-09-05,134.0,96.0,102.0,112.0,117.0,108.0,113.0,108.0,98.0,96.0,123.0,122.0,108.0,110.57142857142857,-1.0,-1.8369701987210297e-16,,27.0,18.0,33.0,14.0
2023-09-06,104.0,134.0,96.0,102.0,112.0,117.0,108.0,113.0,108.0,139.0,110.0,138.0,111.71428571428571,111.35714285714286,-1.0,-1.8369701987210297e-16,,27.0,28.0,29.0,21.0
2023-09-07,121.0,104.0,134.0,96.0,102.0,112.0,117.0,108.0,113.0,98.0,114.0,111.0,110.42857142857143,110.92857142857143,-1.0,-1.8369701987210297e-16,,28.0,21.0,29.0,20.0
2023-09-08,117.0,121.0,104.0,134.0,96.0,102.0,112.0,117.0,108.0,108.0,112.0,82.0,112.28571428571429,111.42857142857143,-1.0,-1.8369701987210297e-16,88.0,27.0,26.0,39.0,22.0
2023-09-09,111.0,117.0,121.0,104.0,134.0,96.0,102.0,112.0,117.0,113.0,96.0,127.0,112.28571428571429,111.78571428571429,-1.0,-1.8369701987210297e-16,89.0,29.0,22.0,28.0,17.0
2023-09-10,99.0,111.0,117.0,121.0,104.0,134.0,96.0,102.0,112.0,108.0,139.0,113.0,112.14285714285714,112.85714285714286,-1.0,-1.8369701987210297e-16,80.0,28.0,21.0,29.0,16.0
2023-09-11,126.0,99.0,111.0,117.0,121.0,104.0,134.0,96.0,102.0,117.0,98.0,105.0,111.71428571428571,110.0,-1.0,-1.8369701987210297e-16,69.0,27.0,18.0,27.0,15.0
2023-09-12,152.0,126.0,99.0,111.0,117.0,121.0,104.0,134.0,96.0,112.0,108.0,123.0,116.0,112.0,-1.0,-1.8369701987210297e-16,75.0,27.0,22.0,33.0,18.0
2023-09-13,107.0,152.0,126.0,99.0,111.0,117.0,121.0,104.0,134.0,102.0,113.0,110.0,118.57142857142857,115.14285714285714,-1.0,-1.8369701987210297e-16,81.0,27.0,19.0,19.0,19.0
2023-09-14,93.0,107.0,152.0,126.0,99.0,111.0,117.0,121.0,104.0,96.0,108.0,114.0,119.0,114.71428571428571,-1.0,-1.8369701987210297e-16,71.0,28.0,17.0,23.0,15.0
2023-09-15,108.0,93.0,107.0,152.0,126.0,99.0,111.0,117.0,121.0,134.0,117.0,112.0,115.0,113.64285714285714,-1.0,-1.8369701987210297e-16,62.0,27.0,16.0,24.0,13.0
2023-09-16,113.0,108.0,93.0,107.0,152.0,126.0,99.0,111.0,117.0,104.0,112.0,96.0,113.71428571428571,113.0,-1.0,-1.8369701987210297e-16,70.0,27.0,21.0,29.0,18.0
2023-09-17,110.0,113.0,108.0,93.0,107.0,152.0,126.0,99.0,111.0,121.0,102.0,139.0,114.0,113.07142857142857,-1.0,-1.8369701987210297e-16,76.0,28.0,20.0,26.0,18.0
2023-09-18,86.0,110.0,113.0,108.0,93.0,107.0,152.0,126.0,99.0,117.0,96.0,98.0,115.57142857142857,113.64285714285714,-1.0,-1.8369701987210297e-16,77.0,27.0,19.0,25.0,15.0
2023-09-19,109.0,86.0,110.0,113.0,108.0,93.0,107.0,152.0,126.0,111.0,134.0,108.0,109.85714285714286,112.92857142857143,-1.0,-1.8369701987210297e-16,59.0,28.0,16.0,28.0,12.0
2023-09-20,98.0,109.0,86.0,110.0,113.0,108.0,93.0,107.0,152.0,99.0,104.0,113.0,103.71428571428571,111.14285714285714,-1.0,-1.8369701987210297e-16,77.0,28.0,24.0,40.0,21.0
2023-09-21,101.0,98.0,109.0,86.0,110.0,113.0,108.0,93.0,107.0,126.0,121.0,108.0,102.42857142857143,110.71428571428571,-1.0,-1.8369701987210297e-16,71.0,28.0,21.0,26.0,17.0
2023-09-22,93.0,101.0,98.0,109.0,86.0,110.0,113.0,108.0,93.0,152.0,117.0,117.0,103.57142857142857,109.28571428571429,-1.0,-1.8369701987210297e-16,69.0,28.0,24.0,29.0,19.0
2023-09-23,111.0,93.0,101.0,98.0,109.0,86.0,110.0,113.0,108.0,107.0,111.0,112.0,101.42857142857143,107.57142857142857,-1.0,-1.8369701987210297e-16,68.0,28.0,20.0,26.0,23.0
2023-09-24,92.0,111.0,93.0,101.0,98.0,109.0,86.0,110.0,113.0,93.0,99.0,102.0,101.14285714285714,107.57142857142857,-1.0,-1.8369701987210297e-16,78.0,28.0,22.0,30.0,20.0
2023-09-25,114.0,92.0,111.0,93.0,101.0,98.0,109.0,86.0,110.0,108.0,126.0,96.0,98.57142857142857,107.07142857142857,-1.0,-1.8369701987210297e-16,65.0,28.0,23.0,26.0,16.0
2023-09-26,249.0,114.0,92.0,111.0,93.0,101.0,98.0,109.0,86.0,113.0,152.0,134.0,102.57142857142857,106.21428571428571,-1.0,-1.8369701987210297e-16,76.0,30.0,23.0,26.0,24.0
2023-09-27,217.0,249.0,114.0,92.0,111.0,93.0,101.0,98.0,109.0,110.0,107.0,104.0,122.57142857142857,113.14285714285714,-1.0,-1.8369701987210297e-16,85.0,28.0,18.0,26.0,20.0
2023-09-28,287.0,217.0,249.0,114.0,92.0,111.0,93.0,101.0,98.0,86.0,93.0,121.0,139.57142857142858,121.0,-1.0,-1.8369701987210297e-16,124.0,28.0,22.0,23.0,22.0
2023-09-29,143.0,287.0,217.0,249.0,114.0,92.0,111.0,93.0,101.0,109.0,108.0,117.0,166.14285714285714,134.85714285714286,-1.0,-1.8369701987210297e-16,163.0,29.0,17.0,29.0,19.0
2023-09-30,171.0,143.0,287.0,217.0,249.0,114.0,92.0,111.0,93.0,98.0,113.0,111.0,173.28571428571428,137.35714285714286,-1.0,-1.8369701987210297e-16,129.0,29.0,21.0,24.0,23.0
2023-10-01,199.0,171.0,143.0,287.0,217.0,249.0,114.0,92.0,111.0,101.0,110.0,99.0,181.85714285714286,141.5,-0.8660254037844386,0.5000000000000001,127.5,29.0,23.5,25.5,24.0
2023-10-02,122.0,199.0,171.0,143.0,287.0,217.0,249.0,114.0,92.0,93.0,86.0,126.0,197.14285714285714,147.85714285714286,-0.8660254037844386,0.5000000000000001,126.0,29.0,26.0,27.0,25.0
2023-10-03,93.0,122.0,199.0,171.0,143.0,287.0,217.0,249.0,114.0,111.0,109.0,152.0,198.28571428571428,150.42857142857142,-0.8660254037844386,0.5000000000000001,76.0,43.0,8.0,35.0,31.0
2023-10-04,115.0,93.0,122.0,199.0,171.0,143.0,287.0,217.0,249.0,92.0,98.0,107.0,176.0,149.28571428571428,-0.8660254037844386,0.5000000000000001,64.0,29.0,15.0,28.0,19.0
2023-10-05,123.0,115.0,93.0,122.0,199.0,171.0,143.0,287.0,217.0,114.0,101.0,93.0,161.42857142857142,150.5,-0.8660254037844386,0.5000000000000001,76.0,29.0,20.0,26.0,25.0
2023-10-06,111.0,123.0,115.0,93.0,122.0,199.0,171.0,143.0,287.0,249.0,93.0,108.0,138.0,152.07142857142858,-0.8660254037844386,0.5000000000000001,84.0,28.0,20.0,21.0,12.0
2023-10-07,141.0,111.0,123.0,115.0,93.0,122.0,199.0,171.0,143.0,217.0,111.0,113.0,133.42857142857142,153.35714285714286,-0.8660254037844386,0.5000000000000001,80.0,28.0,20.0,24.0,15.0
2023-10-08,148.0,141.0,111.0,123.0,115.0,93.0,122.0,199.0,171.0,287.0,92.0,110.0,129.14285714285714,155.5,-0.8660254037844386,0.5000000000000001,97.0,29.0,33.0,23.0,28.0
2023-10-09,122.0,148.0,141.0,111.0,123.0,115.0,93.0,122.0,199.0,143.0,114.0,86.0,121.85714285714286,159.5,-0.8660254037844386,0.5000000000000001,97.0,29.0,21.0,21.0,16.0
2023-10-10,121.0,122.0,148.0,141.0,111.0,123.0,115.0,93.0,122.0,171.0,249.0,109.0,121.85714285714286,160.07142857142858,-0.8660254037844386,0.5000000000000001,80.0,28.0,17.0,20.0,11.0
2023-10-11,106.0,121.0,122.0,148.0,141.0,111.0,123.0,115.0,93.0,199.0,217.0,98.0,125.85714285714286,150.92857142857142,-0.8660254037844386,0.5000000000000001,88.0,30.0,16.0,18.0,10.0
2023-10-12,123.0,106.0,121.0,122.0,148.0,141.0,111.0,123.0,115.0,122.0,287.0,101.0,124.57142857142857,143.0,-0.8660254037844386,0.5000000000000001,75.0,31.0,18.0,19.0,14.0
2023-10-13,121.0,123.0,106.0,121.0,122.0,148.0,141.0,111.0,123.0,93.0,143.0,93.0,124.57142857142857,131.28571428571428,-0.8660254037844386,0.5000000000000001,82.0,30.0,22.0,23.0,15.0
2023-10-14,110.0,121.0,123.0,106.0,121.0,122.0,148.0,141.0,111.0,115.0,171.0,111.0,126.0,129.71428571428572,-0.8660254037844386,0.5000000000000001,82.0,29.0,19.0,29.0,12.0
2023-10-15,117.0,110.0,121.0,123.0,106.0,121.0,122.0,148.0,141.0,123.0,199.0,92.0,121.57142857142857,125.35714285714286,-0.8660254037844386,0.5000000000000001,78.0,29.0,20.0,24.0,17.0
2023-10-16,122.0,117.0,110.0,121.0,123.0,106.0,121.0,122.0,148.0,111.0,122.0,114.0,117.14285714285714,119.5,-0.8660254037844386,0.5000000000000001,79.0,29.0,20.0,20.0,14.0
2023-10-17,129.0,122.0,117.0,110.0,121.0,123.0,106.0,121.0,122.0,141.0,93.0,249.0,117.14285714285714,119.5,-0.8660254037844386,0.5000000000000001,82.0,30.0,20.0,22.0,16.0
2023-10-18,122.0,129.0,122.0,117.0,110.0,121.0,123.0,106.0,121.0,148.0,115.0,217.0,118.28571428571429,122.07142857142857,-0.8660254037844386,0.5000000000000001,81.0,29.0,18.0,24.0,14.0
2023-10-19,116.0,122.0,129.0,122.0,117.0,110.0,121.0,123.0,106.0,122.0,123.0,287.0,120.57142857142857,122.57142857142857,-0.8660254037844386,0.5000000000000001,88.0,29.0,25.0,24.0,21.0
2023-10-20,106.0,116.0,122.0,129.0,122.0,117.0,110.0,121.0,123.0,121.0,111.0,143.0,119.57142857142857,122.07142857142857,-0.8660254037844386,0.5000000000000001,82.0,30.0,19.0,23.0,14.0
2023-10-21,109.0,106.0,116.0,122.0,129.0,122.0,117.0,110.0,121.0,106.0,141.0,171.0,117.42857142857143,121.71428571428571,-0.8660254037844386,0.5000000000000001,75.0,29.0,16.0,23.0,10.0
2023-10-22,114.0,109.0,106.0,116.0,122.0,129.0,122.0,117.0,110.0,123.0,148.0,199.0,117.28571428571429,119.42857142857143,-0.8660254037844386,0.5000000000000001,77.0,30.0,24.0,19.0,21.0
2023-10-23,133.0,114.0,109.0,106.0,116.0,122.0,129.0,122.0,117.0,121.0,122.0,122.0,116.85714285714286,117.0,-0.8660254037844386,0.5000000000000001,77.0,29.0,26.0,23.0,20.0
2023-10-24,107.0,133.0,114.0,109.0,106.0,116.0,122.0,129.0,122.0,110.0,121.0,93.0,118.42857142857143,117.78571428571429,-0.8660254037844386,0.5000000000000001,86.0,29.0,20.0,22.0,16.0
2023-10-25,103.0,107.0,133.0,114.0,109.0,106.0,116.0,122.0,129.0,117.0,106.0,115.0,115.28571428571429,116.78571428571429,-0.8660254037844386,0.5000000000000001,75.0,29.0,20.0,27.0,17.0
2023-10-26,114.0,103.0,107.0,133.0,114.0,109.0,106.0,116.0,122.0,122.0,123.0,123.0,112.57142857142857,116.57142857142857,-0.8660254037844386,0.5000000000000001,61.0,28.0,20.0,34.0,17.0
2023-10-27,116.0,114.0,103.0,107.0,133.0,114.0,109.0,106.0,116.0,129.0,121.0,111.0,112.28571428571429,115.92857142857143,-0.8660254037844386,0.5000000000000001,82.0,30.0,29.0,26.0,22.0
2023-10-28,122.0,116.0,114.0,103.0,107.0,133.0,114.0,109.0,106.0,122.0,110.0,141.0,113.71428571428571,115.57142857142857,-0.8660254037844386,0.5000000000000001,83.0,30.0,27.0,27.0,23.0
2023-10-29,150.0,122.0,116.0,114.0,103.0,107.0,133.0,114.0,109.0,116.0,117.0,148.0,115.57142857142857,116.42857142857143,-0.8660254037844386,0.5000000000000001,81.0,29.0,26.0,22.0,22.0
2023-10-30,108.0,150.0,122.0,116.0,114.0,103.0,107.0,133.0,114.0,106.0,122.0,122.0,120.71428571428571,118.78571428571429,-0.8660254037844386,0.5000000000000001,94.0,30.0,20.0,25.0,16.0
2023-10-31,108.0,108.0,150.0,122.0,116.0,114.0,103.0,107.0,133.0,109.0,129.0,121.0,117.14285714285714,117.78571428571429,-0.8660254037844386,0.5000000000000001,92.0,32.0,22.0,28.0,20.0
2023-11-01,104.0,108.0,108.0,150.0,122.0,116.0,114.0,103.0,107.0,114.0,122.0,106.0,117.28571428571429,116.28571428571429,-0.5000000000000004,0.8660254037844384,81.0,29.0,22.0,33.0,20.0
2023-11-02,109.0,104.0,108.0,108.0,150.0,122.0,116.0,114.0,103.0,133.0,116.0,123.0,117.42857142857143,115.0,-0.5000000000000004,0.8660254037844384,80.0,34.0,24.0,24.0,27.0
2023-11-03,108.0,109.0,104.0,108.0,108.0,150.0,122.0,116.0,114.0,107.0,106.0,121.0,116.71428571428571,114.5,-0.5000000000000004,0.8660254037844384,80.0,29.0,31.0,27.0,26.0
2023-11-04,124.0,108.0,109.0,104.0,108.0,108.0,150.0,122.0,116.0,103.0,109.0,110.0,115.57142857142857,114.64285714285714,-0.5000000000000004,0.8660254037844384,82.0,29.0,34.0,24.0,28.0
2023-11-05,74.0,124.0,108.0,109.0,104.0,108.0,108.0,150.0,122.0,114.0,114.0,117.0,115.85714285714286,115.71428571428571,-0.5000000000000004,0.8660254037844384,89.0,30.0,32.0,19.0,27.0
2023-11-06,92.0,74.0,124.0,108.0,109.0,104.0,108.0,108.0,150.0,116.0,133.0,122.0,105.0,112.85714285714286,-0.5000000000000004,0.8660254037844384,59.0,28.0,22.0,15.0,16.0
2023-11-07,107.0,92.0,74.0,124.0,108.0,109.0,104.0,108.0,108.0,122.0,107.0,129.0,102.71428571428571,109.92857142857143,-0.5000000000000004,0.8660254037844384,67.0,30.0,43.0,16.5,19.0
2023-11-08,92.0,107.0,92.0,74.0,124.0,108.0,109.0,104.0,108.0,150.0,103.0,122.0,102.57142857142857,109.92857142857143,-0.5000000000000004,0.8660254037844384,71.0,29.0,26.0,18.0,19.0
2023-11-09,109.0,92.0,107.0,92.0,74.0,124.0,108.0,109.0,104.0,108.0,114.0,116.0,100.85714285714286,109.14285714285714,-0.5000000000000004,0.8660254037844384,66.0,29.0,21.0,18.0,18.0
2023-11-10,109.0,109.0,92.0,107.0,92.0,74.0,124.0,108.0,109.0,108.0,116.0,106.0,100.85714285714286,108.78571428571429,-0.5000000000000004,0.8660254037844384,73.0,30.0,20.0,24.0,19.0
2023-11-11,91.0,109.0,109.0,92.0,107.0,92.0,74.0,124.0,108.0,104.0,122.0,109.0,101.0,108.28571428571429,-0.5000000000000004,0.8660254037844384,78.0,30.0,27.0,27.0,24.0
2023-11-12,93.0,91.0,109.0,109.0,92.0,107.0,92.0,74.0,124.0,109.0,150.0,114.0,96.28571428571429,106.07142857142857,-0.5000000000000004,0.8660254037844384,58.0,32.0,18.0,57.0,17.0
2023-11-13,94.0,93.0,91.0,109.0,109.0,92.0,107.0,92.0,74.0,108.0,108.0,133.0,99.0,102.0,-0.5000000000000004,0.8660254037844384,65.0,30.0,21.0,23.0,15.0
2023-11-14,109.0,94.0,93.0,91.0,109.0,109.0,92.0,107.0,92.0,124.0,108.0,107.0,99.28571428571429,101.0,-0.5000000000000004,0.8660254037844384,72.0,24.0,12.0,29.0,33.0
2023-11-15,79.0,109.0,94.0,93.0,91.0,109.0,109.0,92.0,107.0,74.0,104.0,103.0,99.57142857142857,101.07142857142857,-0.5000000000000004,0.8660254037844384,75.0,30.0,22.0,19.0,16.0
2023-11-16,95.0,79.0,109.0,94.0,93.0,91.0,109.0,109.0,92.0,92.0,109.0,114.0,97.71428571428571,99.28571428571429,-0.5000000000000004,0.8660254037844384,55.0,29.0,20.0,15.0,15.0
2023-11-17,87.0,95.0,79.0,109.0,94.0,93.0,91.0,109.0,109.0,107.0,108.0,116.0,95.71428571428571,98.28571428571429,-0.5000000000000004,0.8660254037844384,63.0,30.0,25.0,21.0,26.0
2023-11-18,120.0,87.0,95.0,79.0,109.0,94.0,93.0,91.0,109.0,92.0,124.0,122.0,92.57142857142857,96.78571428571429,-0.5000000000000004,0.8660254037844384,65.0,30.0,27.0,25.0,28.0
2023-11-19,80.0,120.0,87.0,95.0,79.0,109.0,94.0,93.0,91.0,109.0,74.0,150.0,96.71428571428571,96.5,-0.5000000000000004,0.8660254037844384,53.0,41.0,14.0,34.0,31.0
2023-11-20,71.0,80.0,120.0,87.0,95.0,79.0,109.0,94.0,93.0,109.0,92.0,108.0,94.85714285714286,96.92857142857143,-0.5000000000000004,0.8660254037844384,54.0,43.0,16.0,32.0,24.0
2023-11-21,89.0,71.0,80.0,120.0,87.0,95.0,79.0,109.0,94.0,91.0,107.0,108.0,91.57142857142857,95.42857142857143,-0.5000000000000004,0.8660254037844384,46.0,30.0,13.0,81.0,12.0
2023-11-22,74.0,89.0,71.0,80.0,120.0,87.0,95.0,79.0,109.0,93.0,92.0,104.0,88.71428571428571,94.14285714285714,-0.5000000000000004,0.8660254037844384,59.0,30.0,18.0,19.0,18.0
2023-11-23,93.0,74.0,89.0,71.0,80.0,120.0,87.0,95.0,79.0,94.0,109.0,109.0,88.0,92.85714285714286,-0.5000000000000004,0.8660254037844384,58.0,30.0,19.0,24.0,19.0
2023-11-24,112.0,93.0,74.0,89.0,71.0,80.0,120.0,87.0,95.0,109.0,109.0,108.0,87.71428571428571,91.71428571428571,-0.5000000000000004,0.8660254037844384,56.0,44.0,11.0,38.0,30.0
2023-11-25,101.0,112.0,93.0,74.0,89.0,71.0,80.0,120.0,87.0,79.0,91.0,124.0,91.28571428571429,91.92857142857143,-0.5000000000000004,0.8660254037844384,71.0,36.0,23.0,54.0,26.0
2023-11-26,75.0,101.0,112.0,93.0,74.0,89.0,71.0,80.0,120.0,95.0,93.0,74.0,88.57142857142857,92.64285714285714,-0.5000000000000004,0.8660254037844384,63.0,33.0,20.0,49.0,22.0
2023-11-27,77.0,75.0,101.0,112.0,93.0,74.0,89.0,71.0,80.0,87.0,94.0,92.0,87.85714285714286,91.35714285714286,-0.5000000000000004,0.8660254037844384,55.0,43.0,15.0,15.0,25.0
2023-11-28,96.0,77.0,75.0,101.0,112.0,93.0,74.0,89.0,71.0,120.0,109.0,107.0,88.71428571428571,90.14285714285714,-0.5000000000000004,0.8660254037844384,54.0,56.0,13.0,27.0,16.0
2023-11-29,105.0,96.0,77.0,75.0,101.0,112.0,93.0,74.0,89.0,80.0,79.0,92.0,89.71428571428571,89.21428571428571,-0.5000000000000004,0.8660254037844384,62.0,45.0,15.0,29.0,34.0
2023-11-30,67.0,105.0,96.0,77.0,75.0,101.0,112.0,93.0,74.0,71.0,95.0,109.0,94.14285714285714,91.07142857142857,-0.5000000000000004,0.8660254037844384,71.0,30.0,19.0,22.0,14.0
2023-12-01,93.0,67.0,105.0,96.0,77.0,75.0,101.0,112.0,93.0,89.0,87.0,109.0,90.42857142857143,89.07142857142857,-2.4492935982947064e-16,1.0,38.0,43.0,12.0,34.0,34.0
2023-12-02,94.0,93.0,67.0,105.0,96.0,77.0,75.0,101.0,112.0,74.0,120.0,91.0,87.71428571428571,89.5,-2.4492935982947064e-16,1.0,64.0,52.0,7.0,27.0,19.0
2023-12-03,100.0,94.0,93.0,67.0,105.0,96.0,77.0,75.0,101.0,93.0,80.0,93.0,86.71428571428571,87.64285714285714,-2.4492935982947064e-16,1.0,60.0,52.0,9.0,20.0,18.0
2023-12-04,95.0,100.0,94.0,93.0,67.0,105.0,96.0,77.0,75.0,112.0,71.0,94.0,90.28571428571429,89.07142857142857,-2.4492935982947064e-16,1.0,55.0,52.0,7.0,26.0,17.0
2023-12-05,117.0,95.0,100.0,94.0,93.0,67.0,105.0,96.0,77.0,101.0,89.0,109.0,92.85714285714286,90.78571428571429,-2.4492935982947064e-16,1.0,65.0,52.0,9.0,18.0,14.0
2023-12-06,107.0,117.0,95.0,100.0,94.0,93.0,67.0,105.0,96.0,75.0,74.0,79.0,95.85714285714286,92.78571428571429,-2.4492935982947064e-16,1.0,74.0,52.0,9.0,21.0,13.0
2023-12-07,88.0,107.0,117.0,95.0,100.0,94.0,93.0,67.0,105.0,77.0,93.0,95.0,96.14285714285714,95.14285714285714,-2.4492935982947064e-16,1.0,70.0,52.0,10.0,17.0,15.5
2023-12-08,85.0,88.0,107.0,117.0,95.0,100.0,94.0,93.0,67.0,96.0,112.0,87.0,99.14285714285714,94.78571428571429,-2.4492935982947064e-16,1.0,53.0,52.0,11.0,13.0,18.0
2023-12-09,94.0,85.0,88.0,107.0,117.0,95.0,100.0,94.0,93.0,105.0,101.0,120.0,98.0,92.85714285714286,-2.4492935982947064e-16,1.0,50.0,52.0,6.0,25.0,18.0
2023-12-10,72.0,94.0,85.0,88.0,107.0,117.0,95.0,100.0,94.0,67.0,75.0,80.0,98.0,92.35714285714286,-2.4492935982947064e-16,1.0,59.0,48.0,10.0,25.0,12.0
2023-12-11,72.0,72.0,94.0,85.0,88.0,107.0,117.0,95.0,100.0,93.0,77.0,71.0,94.0,92.14285714285714,-2.4492935982947064e-16,1.0,42.0,52.0,8.0,10.0,11.0
2023-12-12,62.0,72.0,72.0,94.0,85.0,88.0,107.0,117.0,95.0,94.0,96.0,89.0,90.71428571428571,91.78571428571429,-2.4492935982947064e-16,1.0,44.0,52.0,6.0,10.0,16.0
2023-12-13,71.0,62.0,72.0,72.0,94.0,85.0,88.0,107.0,117.0,100.0,105.0,74.0,82.85714285714286,89.35714285714286,-2.4492935982947064e-16,1.0,37.0,51.0,3.0,16.0,10.0
2023-12-14,71.0,71.0,62.0,72.0,72.0,94.0,85.0,88.0,107.0,95.0,67.0,93.0,77.71428571428571,86.92857142857143,-2.4492935982947064e-16,1.0,45.0,48.0,9.0,13.0,7.0
2023-12-15,60.0,71.0,71.0,62.0,72.0,72.0,94.0,85.0,88.0,117.0,93.0,112.0,75.28571428571429,87.21428571428571,-2.4492935982947064e-16,1.0,46.0,48.0,8.0,11.0,7.0
2023-12-16,83.0,60.0,71.0,71.0,62.0,72.0,72.0,94.0,85.0,107.0,94.0,101.0,71.71428571428571,84.85714285714286,-2.4492935982947064e-16,1.0,27.0,52.0,1.0,13.0,8.0
2023-12-17,98.0,83.0,60.0,71.0,71.0,62.0,72.0,72.0,94.0,88.0,100.0,75.0,70.14285714285714,84.07142857142857,-2.4492935982947064e-16,1.0,56.0,52.0,5.0,14.0,13.0
2023-12-18,96.0,98.0,83.0,60.0,71.0,71.0,62.0,72.0,72.0,85.0,95.0,77.0,73.85714285714286,83.92857142857143,-2.4492935982947064e-16,1.0,65.0,52.0,14.0,13.0,15.0
2023-12-19,99.0,96.0,98.0,83.0,60.0,71.0,71.0,62.0,72.0,94.0,117.0,96.0,77.28571428571429,84.0,-2.4492935982947064e-16,1.0,61.0,52.0,7.0,17.0,19.0
2023-12-20,154.0,99.0,96.0,98.0,83.0,60.0,71.0,71.0,62.0,72.0,107.0,105.0,82.57142857142857,82.71428571428571,-2.4492935982947064e-16,1.0,64.0,52.0,10.0,20.0,15.0
2023-12-21,86.0,154.0,99.0,96.0,98.0,83.0,60.0,71.0,71.0,72.0,88.0,67.0,94.42857142857143,86.07142857142857,-2.4492935982947064e-16,1.0,85.0,52.0,10.0,11.0,13.0
2023-12-22,65.0,86.0,154.0,99.0,96.0,98.0,83.0,60.0,71.0,62.0,85.0,93.0,96.57142857142857,85.92857142857143,-2.4492935982947064e-16,1.0,57.0,53.0,7.0,27.0,11.0
2023-12-23,40.0,65.0,86.0,154.0,99.0,96.0,98.0,83.0,60.0,71.0,94.0,94.0,97.28571428571429,84.5,-2.4492935982947064e-16,1.0,49.0,52.0,5.0,10.0,12.0
2023-12-24,92.0,40.0,65.0,86.0,154.0,99.0,96.0,98.0,83.0,71.0,72.0,100.0,91.14285714285714,80.64285714285714,-2.4492935982947064e-16,1.0,26.0,57.0,38.0,21.0,18.0
2023-12-25,51.0,92.0,40.0,65.0,86.0,154.0,99.0,96.0,98.0,60.0,72.0,95.0,90.28571428571429,82.07142857142857,-2.4492935982947064e-16,1.0,58.0,51.0,10.0,17.0,11.0
2023-12-26,62.0,51.0,92.0,40.0,65.0,86.0,154.0,99.0,96.0,83.0,62.0,117.0,83.85714285714286,80.57142857142857,-2.4492935982947064e-16,1.0,36.0,57.0,45.0,20.0,18.0
2023-12-27,42.0,62.0,51.0,92.0,40.0,65.0,86.0,154.0,99.0,98.0,71.0,107.0,78.57142857142857,80.57142857142857,-2.4492935982947064e-16,1.0,43.0,58.0,54.0,21.0,27.0
2023-12-28,66.0,42.0,62.0,51.0,92.0,40.0,65.0,86.0,154.0,96.0,71.0,88.0,62.57142857142857,78.5,-2.4492935982947064e-16,1.0,29.0,58.0,42.0,15.0,18.0
2023-12-29,23.0,66.0,42.0,62.0,51.0,92.0,40.0,65.0,86.0,99.0,60.0,85.0,59.714285714285715,78.14285714285714,-2.4492935982947064e-16,1.0,46.0,49.0,8.0,8.0,5.0
2023-12-30,64.0,23.0,66.0,42.0,62.0,51.0,92.0,40.0,65.0,154.0,83.0,94.0,53.714285714285715,75.5,-2.4492935982947064e-16,1.0,23.0,57.0,12.0,16.0,15.0
2023-12-31,73.0,64.0,23.0,66.0,42.0,62.0,51.0,92.0,40.0,86.0,98.0,72.0,57.142857142857146,74.14285714285714,-2.4492935982947064e-16,1.0,32.0,52.0,7.0,8.0,12.0
2024-01-01,110.0,73.0,64.0,23.0,66.0,42.0,62.0,51.0,92.0,65.0,96.0,72.0,54.42857142857143,72.35714285714286,0.49999999999999994,0.8660254037844387,49.0,31.0,13.5,16.0,11.0
2024-01-02,93.0,110.0,73.0,64.0,23.0,66.0,42.0,62.0,51.0,40.0,99.0,62.0,62.857142857142854,73.35714285714286,0.49999999999999994,0.8660254037844387,74.0,10.0,20.0,24.0,10.0
2024-01-03,66.0,93.0,110.0,73.0,64.0,23.0,66.0,42.0,62.0,92.0,154.0,71.0,67.28571428571429,72.92857142857143,0.49999999999999994,0.8660254037844387,53.0,52.0,4.0,12.0,28.0
2024-01-04,64.0,66.0,93.0,110.0,73.0,64.0,23.0,66.0,42.0,51.0,86.0,71.0,70.71428571428571,66.64285714285714,0.49999999999999994,0.8660254037844387,54.0,13.0,7.0,18.0,14.0
2024-01-05,62.0,64.0,66.0,93.0,110.0,73.0,64.0,23.0,66.0,62.0,65.0,60.0,70.42857142857143,65.07142857142857,0.49999999999999994,0.8660254037844387,30.0,112.0,20.0,8.0,77.0
2024-01-06,70.0,62.0,64.0,66.0,93.0,110.0,73.0,64.0,23.0,42.0,40.0,83.0,76.0,64.85714285714286,0.49999999999999994,0.8660254037844387,61.0,10.0,14.0,17.0,19.0
2024-01-07,87.0,70.0,62.0,64.0,66.0,93.0,110.0,73.0,64.0,66.0,92.0,98.0,76.85714285714286,67.0,0.49999999999999994,0.8660254037844387,51.0,11.0,10.0,31.0,16.0
2024-01-08,76.0,87.0,70.0,62.0,64.0,66.0,93.0,110.0,73.0,23.0,51.0,96.0,78.85714285714286,66.64285714285714,0.49999999999999994,0.8660254037844387,59.0,59.0,14.0,34.0,29.0
2024-01-09,84.0,76.0,87.0,70.0,62.0,64.0,66.0,93.0,110.0,64.0,62.0,99.0,74.0,68.42857142857143,0.49999999999999994,0.8660254037844387,55.0,10.0,22.0,21.0,20.0
2024-01-10,102.0,84.0,76.0,87.0,70.0,62.0,64.0,66.0,93.0,73.0,42.0,154.0,72.71428571428571,70.0,0.49999999999999994,0.8660254037844387,61.0,12.0,14.0,17.0,14.0
2024-01-11,81.0,102.0,84.0,76.0,87.0,70.0,62.0,64.0,66.0,110.0,66.0,86.0,77.85714285714286,74.28571428571429,0.49999999999999994,0.8660254037844387,70.0,12.0,11.0,26.0,13.0
2024-01-12,39.0,81.0,102.0,84.0,76.0,87.0,70.0,62.0,64.0,93.0,23.0,65.0,80.28571428571429,75.35714285714286,0.49999999999999994,0.8660254037844387,63.0,11.0,16.0,17.0,19.0
2024-01-13,66.0,39.0,81.0,102.0,84.0,76.0,87.0,70.0,62.0,66.0,64.0,40.0,77.0,76.5,0.49999999999999994,0.8660254037844387,27.0,57.0,11.0,14.0,52.0
2024-01-14,64.0,66.0,39.0,81.0,102.0,84.0,76.0,87.0,70.0,64.0,73.0,92.0,76.42857142857143,76.64285714285714,0.49999999999999994,0.8660254037844387,50.0,44.0,7.0,11.0,55.0
2024-01-15,81.0,64.0,66.0,39.0,81.0,102.0,84.0,76.0,87.0,62.0,110.0,51.0,73.14285714285714,76.0,0.49999999999999994,0.8660254037844387,50.0,11.0,9.0,16.0,10.0
2024-01-16,62.0,81.0,64.0,66.0,39.0,81.0,102.0,84.0,76.0,70.0,93.0,62.0,73.85714285714286,73.92857142857143,0.49999999999999994,0.8660254037844387,51.0,24.0,11.0,55.0,11.0
2024-01-17,65.0,62.0,81.0,64.0,66.0,39.0,81.0,102.0,84.0,87.0,66.0,42.0,70.71428571428571,71.71428571428571,0.49999999999999994,0.8660254037844387,49.0,11.0,6.0,11.0,9.0
2024-01-18,76.0,65.0,62.0,81.0,64.0,66.0,39.0,81.0,102.0,76.0,64.0,66.0,65.42857142857143,71.64285714285714,0.49999999999999994,0.8660254037844387,50.0,46.0,8.0,5.0,16.0
2024-01-19,34.0,76.0,65.0,62.0,81.0,64.0,66.0,39.0,81.0,84.0,62.0,23.0,64.71428571428571,72.5,0.49999999999999994,0.8660254037844387,56.0,49.0,13.0,6.0,23.0
2024-01-20,45.0,34.0,76.0,65.0,62.0,81.0,64.0,66.0,39.0,102.0,70.0,64.0,64.0,70.5,0.49999999999999994,0.8660254037844387,32.0,45.0,6.0,9.0,76.0
2024-01-21,65.0,45.0,34.0,76.0,65.0,62.0,81.0,64.0,66.0,81.0,87.0,73.0,61.0,68.71428571428571,0.49999999999999994,0.8660254037844387,32.0,44.0,7.0,8.0,66.0
2024-01-22,34.0,65.0,45.0,34.0,76.0,65.0,62.0,81.0,64.0,39.0,76.0,110.0,61.142857142857146,67.14285714285714,0.49999999999999994,0.8660254037844387,51.0,45.0,9.0,8.0,79.0
2024-01-23,58.0,34.0,65.0,45.0,34.0,76.0,65.0,62.0,81.0,66.0,84.0,93.0,54.42857142857143,64.14285714285714,0.49999999999999994,0.8660254037844387,27.0,45.0,5.0,8.0,56.0
2024-01-24,65.0,58.0,34.0,65.0,45.0,34.0,76.0,65.0,62.0,64.0,102.0,66.0,53.857142857142854,62.285714285714285,0.49999999999999994,0.8660254037844387,36.0,24.0,5.0,9.0,6.0
2024-01-25,62.0,65.0,58.0,34.0,65.0,45.0,34.0,76.0,65.0,81.0,81.0,64.0,53.857142857142854,59.642857142857146,0.49999999999999994,0.8660254037844387,46.0,46.0,8.0,9.0,38.0
2024-01-26,77.0,62.0,65.0,58.0,34.0,65.0,45.0,34.0,76.0,62.0,39.0,62.0,51.857142857142854,58.285714285714285,0.49999999999999994,0.8660254037844387,46.0,25.0,7.0,12.0,8.0
2024-01-27,23.0,77.0,62.0,65.0,58.0,34.0,65.0,45.0,34.0,65.0,66.0,70.0,58.0,61.0,0.49999999999999994,0.8660254037844387,58.0,27.0,7.0,16.0,14.0
2024-01-28,66.0,23.0,77.0,62.0,65.0,58.0,34.0,65.0,45.0,76.0,64.0,87.0,54.857142857142854,57.92857142857143,0.49999999999999994,0.8660254037844387,24.0,53.0,5.0,16.0,17.0
2024-01-29,63.0,66.0,23.0,77.0,62.0,65.0,58.0,34.0,65.0,34.0,81.0,76.0,55.0,58.07142857142857,0.49999999999999994,0.8660254037844387,46.0,31.0,18.0,34.0,16.0
2024-01-30,82.0,63.0,66.0,23.0,77.0,62.0,65.0,58.0,34.0,45.0,62.0,84.0,59.142857142857146,56.785714285714285,0.49999999999999994,0.8660254037844387,51.0,24.0,14.0,11.0,13.0
2024-01-31,57.0,82.0,63.0,66.0,23.0,77.0,62.0,65.0,58.0,65.0,65.0,102.0,62.57142857142857,58.214285714285715,0.49999999999999994,0.8660254037844387,71.0,24.0,23.0,13.0,12.0
2024-02-01,90.0,57.0,82.0,63.0,66.0,23.0,77.0,62.0,65.0,34.0,76.0,81.0,61.42857142857143,57.642857142857146,0.8660254037844386,0.5000000000000001,40.0,25.0,7.0,17.0,15.0
2024-02-02,68.0,90.0,57.0,82.0,63.0,66.0,23.0,77.0,62.0,58.0,34.0,39.0,65.42857142857143,58.642857142857146,0.8660254037844386,0.5000000000000001,68.0,25.0,15.0,18.0,14.0
2024-02-03,56.0,68.0,90.0,57.0,82.0,63.0,66.0,23.0,77.0,65.0,45.0,66.0,64.14285714285714,61.07142857142857,0.8660254037844386,0.5000000000000001,47.0,26.0,18.0,28.0,9.0
2024-02-04,43.0,56.0,68.0,90.0,57.0,82.0,63.0,66.0,23.0,62.0,65.0,64.0,68.85714285714286,61.857142857142854,0.8660254037844386,0.5000000000000001,37.0,25.0,7.0,11.0,10.0
2024-02-05,77.0,43.0,56.0,68.0,90.0,57.0,82.0,63.0,66.0,77.0,34.0,81.0,65.57142857142857,60.285714285714285,0.8660254037844386,0.5000000000000001,27.0,54.0,7.0,12.0,21.0
2024-02-06,74.0,77.0,43.0,56.0,68.0,90.0,57.0,82.0,63.0,23.0,58.0,62.0,67.57142857142857,63.357142857142854,0.8660254037844386,0.5000000000000001,54.0,25.0,10.0,6.0,5.0
2024-02-07,58.0,74.0,77.0,43.0,56.0,68.0,90.0,57.0,82.0,66.0,65.0,65.0,66.42857142857143,64.5,0.8660254037844386,0.5000000000000001,61.0,50.0,16.0,9.0,37.0
2024-02-08,90.0,58.0,74.0,77.0,43.0,56.0,68.0,90.0,57.0,63.0,62.0,76.0,66.57142857142857,64.0,0.8660254037844386,0.5000000000000001,40.0,25.0,6.0,4.0,6.0
2024-02-09,86.0,90.0,58.0,74.0,77.0,43.0,56.0,68.0,90.0,82.0,77.0,34.0,66.57142857142857,66.0,0.8660254037844386,0.5000000000000001,64.0,25.0,10.0,4.0,4.0
2024-02-10,74.0,86.0,90.0,58.0,74.0,77.0,43.0,56.0,68.0,57.0,23.0,45.0,69.14285714285714,66.64285714285714,0.8660254037844386,0.5000000000000001,67.0,26.0,9.666666666666666,7.0,5.0
2024-02-11,85.0,74.0,86.0,90.0,58.0,74.0,77.0,43.0,56.0,90.0,66.0,65.0,71.71428571428571,70.28571428571429,0.8660254037844386,0.5000000000000001,57.0,25.0,9.333333333333334,8.0,5.0
2024-02-12,80.0,85.0,74.0,86.0,90.0,58.0,74.0,77.0,43.0,68.0,63.0,34.0,77.71428571428571,71.64285714285714,0.8660254037844386,0.5000000000000001,63.0,25.0,9.0,6.0,6.0
2024-02-13,72.0,80.0,85.0,74.0,86.0,90.0,58.0,74.0,77.0,56.0,82.0,58.0,78.14285714285714,72.85714285714286,0.8660254037844386,0.5000000000000001,61.0,25.0,4.0,5.0,6.0
2024-02-14,55.0,72.0,80.0,85.0,74.0,86.0,90.0,58.0,74.0,43.0,57.0,65.0,77.85714285714286,72.14285714285714,0.8660254037844386,0.5000000000000001,57.0,52.0,14.0,18.0,187.0
2024-02-15,76.0,55.0,72.0,80.0,85.0,74.0,86.0,90.0,58.0,77.0,90.0,62.0,77.42857142857143,72.0,0.8660254037844386,0.5000000000000001,43.0,51.0,10.0,20.0,202.0
2024-02-16,103.0,76.0,55.0,72.0,80.0,85.0,74.0,86.0,90.0,74.0,68.0,77.0,75.42857142857143,71.0,0.8660254037844386,0.5000000000000001,53.0,25.0,24.0,7.0,8.0
2024-02-17,74.0,103.0,76.0,55.0,72.0,80.0,85.0,74.0,86.0,58.0,56.0,23.0,77.85714285714286,73.5,0.8660254037844386,0.5000000000000001,81.0,25.0,24.0,6.0,11.0
2024-02-18,71.0,74.0,103.0,76.0,55.0,72.0,80.0,85.0,74.0,90.0,43.0,66.0,77.85714285714286,74.78571428571429,0.8660254037844386,0.5000000000000001,59.0,25.0,22.0,6.0,8.0
2024-02-19,91.0,71.0,74.0,103.0,76.0,55.0,72.0,80.0,85.0,86.0,77.0,63.0,75.85714285714286,76.78571428571429,0.8660254037844386,0.5000000000000001,57.0,25.0,21.0,7.0,6.0
2024-02-20,94.0,91.0,71.0,74.0,103.0,76.0,55.0,72.0,80.0,74.0,74.0,82.0,77.42857142857143,77.78571428571429,0.8660254037844386,0.5000000000000001,68.0,26.0,23.0,6.0,9.0
2024-02-21,94.0,94.0,91.0,71.0,74.0,103.0,76.0,55.0,72.0,85.0,58.0,57.0,80.57142857142857,79.21428571428571,0.8660254037844386,0.5000000000000001,71.0,25.0,22.0,7.0,9.0
2024-02-22,86.0,94.0,94.0,91.0,71.0,74.0,103.0,76.0,55.0,80.0,90.0,90.0,86.14285714285714,81.78571428571429,0.8660254037844386,0.5000000000000001,55.0,20.0,12.0,115.0,18.0
2024-02-23,62.0,86.0,94.0,94.0,91.0,71.0,74.0,103.0,76.0,72.0,86.0,68.0,87.57142857142857,81.5,0.8660254037844386,0.5000000000000001,70.0,25.0,21.0,8.0,9.0
2024-02-24,67.0,62.0,86.0,94.0,94.0,91.0,71.0,74.0,103.0,55.0,74.0,56.0,81.71428571428571,79.78571428571429,0.8660254037844386,0.5000000000000001,49.0,56.0,9.0,16.0,39.0
2024-02-25,39.0,67.0,62.0,86.0,94.0,94.0,91.0,71.0,74.0,76.0,85.0,43.0,80.71428571428571,79.28571428571429,0.8660254037844386,0.5000000000000001,54.0,25.0,18.0,6.0,2.0
2024-02-26,56.0,39.0,67.0,62.0,86.0,94.0,94.0,91.0,71.0,103.0,80.0,77.0,76.14285714285714,76.0,0.8660254037844386,0.5000000000000001,28.0,56.0,4.0,16.0,15.0
2024-02-27,96.0,56.0,39.0,67.0,62.0,86.0,94.0,94.0,91.0,74.0,72.0,74.0,71.14285714285714,74.28571428571429,0.8660254037844386,0.5000000000000001,41.0,49.0,10.0,12.0,29.0
2024-02-28,62.0,96.0,56.0,39.0,67.0,62.0,86.0,94.0,94.0,71.0,55.0,58.0,71.42857142857143,76.0,0.8660254037844386,0.5000000000000001,70.0,26.0,28.0,5.0,7.0
2024-02-29,59.0,62.0,96.0,56.0,39.0,67.0,62.0,86.0,94.0,91.0,76.0,90.0,66.85714285714286,76.5,0.8660254037844386,0.5000000000000001,51.0,57.0,9.0,11.0,54.0
2024-03-01,82.0,59.0,62.0,96.0,56.0,39.0,67.0,62.0,86.0,94.0,103.0,86.0,63.0,75.28571428571429,1.0,6.123233995736766e-17,57.0,25.0,22.0,6.0,6.0
2024-03-02,72.0,82.0,59.0,62.0,96.0,56.0,39.0,67.0,62.0,94.0,74.0,74.0,65.85714285714286,73.78571428571429,1.0,6.123233995736766e-17,52.0,21.0,29.0,50.0,13.0
2024-03-03,58.0,72.0,82.0,59.0,62.0,96.0,56.0,39.0,67.0,86.0,71.0,85.0,66.57142857142857,73.64285714285714,1.0,6.123233995736766e-17,59.0,26.0,21.0,8.0,7.0
2024-03-04,56.0,58.0,72.0,82.0,59.0,62.0,96.0,56.0,39.0,62.0,91.0,80.0,69.28571428571429,72.71428571428571,1.0,6.123233995736766e-17,46.0,26.0,21.0,6.0,7.0
2024-03-05,56.0,56.0,58.0,72.0,82.0,59.0,62.0,96.0,56.0,67.0,94.0,72.0,69.28571428571429,70.21428571428571,1.0,6.123233995736766e-17,43.0,50.0,14.0,13.0,61.0
2024-03-06,61.0,56.0,56.0,58.0,72.0,82.0,59.0,62.0,96.0,39.0,94.0,55.0,63.57142857142857,67.5,1.0,6.123233995736766e-17,44.0,50.0,9.0,13.0,62.0
2024-03-07,46.0,61.0,56.0,56.0,58.0,72.0,82.0,59.0,62.0,56.0,86.0,76.0,63.42857142857143,65.14285714285714,1.0,6.123233995736766e-17,48.0,50.0,8.0,9.0,58.0
2024-03-08,44.0,46.0,61.0,56.0,56.0,58.0,72.0,82.0,59.0,96.0,62.0,103.0,61.57142857142857,62.285714285714285,1.0,6.123233995736766e-17,31.0,55.0,6.0,19.0,25.0
2024-03-09,45.0,44.0,46.0,61.0,56.0,56.0,58.0,72.0,82.0,62.0,67.0,74.0,56.142857142857146,61.0,1.0,6.123233995736766e-17,24.0,54.0,4.0,20.0,12.0
2024-03-10,96.0,45.0,44.0,46.0,61.0,56.0,56.0,58.0,72.0,59.0,39.0,71.0,52.285714285714285,59.42857142857143,1.0,6.123233995736766e-17,33.0,55.0,6.0,13.0,24.0
2024-03-11,63.0,96.0,45.0,44.0,46.0,61.0,56.0,56.0,58.0,82.0,56.0,91.0,57.714285714285715,63.5,1.0,6.123233995736766e-17,72.0,26.0,39.0,5.0,8.0
2024-03-12,56.0,63.0,96.0,45.0,44.0,46.0,61.0,56.0,56.0,72.0,96.0,94.0,58.714285714285715,64.0,1.0,6.123233995736766e-17,51.0,51.0,20.0,28.0,79.0
2024-03-13,68.0,56.0,63.0,96.0,45.0,44.0,46.0,61.0,56.0,58.0,62.0,94.0,58.714285714285715,61.142857142857146,1.0,6.123233995736766e-17,30.0,21.0,15.0,51.0,10.0
2024-03-14,65.0,68.0,56.0,63.0,96.0,45.0,44.0,46.0,61.0,56.0,59.0,86.0,59.714285714285715,61.57142857142857,1.0,6.123233995736766e-17,54.0,51.0,9.0,16.0,44.0
2024-03-15,40.0,65.0,68.0,56.0,63.0,96.0,45.0,44.0,46.0,56.0,82.0,62.0,62.42857142857143,62.0,1.0,6.123233995736766e-17,38.5,51.0,11.0,12.0,43.0
2024-03-16,32.0,40.0,65.0,68.0,56.0,63.0,96.0,45.0,44.0,61.0,72.0,67.0,61.857142857142854,59.0,1.0,6.123233995736766e-17,23.0,51.0,8.0,10.0,62.0
2024-03-17,21.0,32.0,40.0,65.0,68.0,56.0,63.0,96.0,45.0,46.0,58.0,39.0,60.0,56.142857142857146,1.0,6.123233995736766e-17,26.0,54.0,6.0,18.0,18.0
2024-03-18,33.0,21.0,32.0,40.0,65.0,68.0,56.0,63.0,96.0,44.0,56.0,56.0,49.285714285714285,53.5,1.0,6.123233995736766e-17,18.0,51.0,5.0,10.0,58.0
2024-03-19,63.0,33.0,21.0,32.0,40.0,65.0,68.0,56.0,63.0,45.0,56.0,96.0,45.0,51.857142857142854,1.0,6.123233995736766e-17,26.0,55.0,5.0,16.0,17.0
2024-03-20,62.0,63.0,33.0,21.0,32.0,40.0,65.0,68.0,56.0,96.0,61.0,62.0,46.0,52.357142857142854,1.0,6.123233995736766e-17,43.0,51.0,9.0,10.0,75.0
2024-03-21,68.0,62.0,63.0,33.0,21.0,32.0,40.0,65.0,68.0,63.0,46.0,59.0,45.142857142857146,52.42857142857143,1.0,6.123233995736766e-17,41.0,51.0,7.0,10.0,49.0
2024-03-22,43.0,68.0,62.0,63.0,33.0,21.0,32.0,40.0,65.0,56.0,44.0,82.0,45.57142857142857,54.0,1.0,6.123233995736766e-17,50.0,51.0,8.0,13.0,62.0
2024-03-23,122.0,43.0,68.0,62.0,63.0,33.0,21.0,32.0,40.0,68.0,45.0,72.0,46.0,53.92857142857143,1.0,6.123233995736766e-17,31.0,21.0,17.0,55.0,14.0
2024-03-24,83.0,122.0,43.0,68.0,62.0,63.0,33.0,21.0,32.0,65.0,96.0,58.0,58.857142857142854,59.42857142857143,1.0,6.123233995736766e-17,70.0,27.0,40.0,8.0,11.0
2024-03-25,69.0,83.0,122.0,43.0,68.0,62.0,63.0,33.0,21.0,40.0,63.0,56.0,67.71428571428571,58.5,1.0,6.123233995736766e-17,54.0,25.0,19.0,74.0,16.0
2024-03-26,93.0,69.0,83.0,122.0,43.0,68.0,62.0,63.0,33.0,32.0,56.0,56.0,72.85714285714286,58.92857142857143,1.0,6.123233995736766e-17,50.0,27.0,17.0,12.0,4.0
2024-03-27,92.0,93.0,69.0,83.0,122.0,43.0,68.0,62.0,63.0,21.0,68.0,61.0,77.14285714285714,61.57142857142857,1.0,6.123233995736766e-17,57.0,27.0,23.0,9.0,7.0
2024-03-28,128.0,92.0,93.0,69.0,83.0,122.0,43.0,68.0,62.0,33.0,65.0,46.0,81.42857142857143,63.285714285714285,1.0,6.123233995736766e-17,64.0,27.0,25.0,8.0,9.0
2024-03-29,104.0,128.0,92.0,93.0,69.0,83.0,122.0,43.0,68.0,63.0,40.0,44.0,90.0,67.78571428571429,1.0,6.123233995736766e-17,90.0,27.0,27.0,12.0,10.0
2024-03-30,87.0,104.0,128.0,92.0,93.0,69.0,83.0,122.0,43.0,62.0,32.0,45.0,98.71428571428571,72.35714285714286,1.0,6.123233995736766e-17,65.0,27.0,24.0,70.0,26.0
2024-03-31,94.0,87.0,104.0,128.0,92.0,93.0,69.0,83.0,122.0,68.0,21.0,96.0,93.71428571428571,76.28571428571429,1.0,6.123233995736766e-17,60.0,24.0,25.0,68.0,21.0
2024-04-01,113.0,94.0,87.0,104.0,128.0,92.0,93.0,69.0,83.0,43.0,33.0,63.0,95.28571428571429,81.5,0.8660254037844387,-0.4999999999999998,57.0,22.0,28.0,79.0,22.0
2024-04-02,120.0,113.0,94.0,87.0,104.0,128.0,92.0,93.0,69.0,122.0,63.0,56.0,101.57142857142857,87.21428571428571,0.8660254037844387,-0.4999999999999998,83.0,27.0,27.0,13.0,8.0
2024-04-03,97.0,120.0,113.0,94.0,87.0,104.0,128.0,92.0,93.0,83.0,62.0,68.0,105.42857142857143,91.28571428571429,0.8660254037844387,-0.4999999999999998,72.0,23.0,35.0,69.0,32.0
2024-04-04,77.0,97.0,120.0,113.0,94.0,87.0,104.0,128.0,92.0,69.0,68.0,65.0,106.14285714285714,93.78571428571429,0.8660254037844387,-0.4999999999999998,70.0,27.0,20.0,15.0,8.0
2024-04-05,125.0,77.0,97.0,120.0,113.0,94.0,87.0,104.0,128.0,93.0,43.0,40.0,98.85714285714286,94.42857142857143,0.8660254037844387,-0.4999999999999998,51.0,24.0,28.0,62.0,24.0
2024-04-06,92.0,125.0,77.0,97.0,120.0,113.0,94.0,87.0,104.0,92.0,122.0,32.0,101.85714285714286,100.28571428571429,0.8660254037844387,-0.4999999999999998,74.0,22.0,31.0,69.0,27.0
2024-04-07,83.0,92.0,125.0,77.0,97.0,120.0,113.0,94.0,87.0,128.0,83.0,21.0,102.57142857142857,98.14285714285714,0.8660254037844387,-0.4999999999999998,62.0,52.0,19.0,16.0,65.0
2024-04-08,82.0,83.0,92.0,125.0,77.0,97.0,120.0,113.0,94.0,104.0,69.0,33.0,101.0,98.14285714285714,0.8660254037844387,-0.4999999999999998,60.0,28.0,19.0,19.0,7.0
2024-04-09,84.0,82.0,83.0,92.0,125.0,77.0,97.0,120.0,113.0,87.0,93.0,63.0,96.57142857142857,99.07142857142857,0.8660254037844387,-0.4999999999999998,55.0,56.0,14.0,29.0,21.0
2024-04-10,96.0,84.0,82.0,83.0,92.0,125.0,77.0,97.0,120.0,94.0,92.0,62.0,91.42857142857143,98.42857142857143,0.8660254037844387,-0.4999999999999998,54.0,52.0,11.0,22.0,43.0
2024-04-11,62.0,96.0,84.0,82.0,83.0,92.0,125.0,77.0,97.0,113.0,128.0,68.0,91.28571428571429,98.71428571428571,0.8660254037844387,-0.4999999999999998,73.0,28.0,33.0,14.0,10.0
2024-04-12,51.0,62.0,96.0,84.0,82.0,83.0,92.0,125.0,77.0,120.0,104.0,43.0,89.14285714285714,94.0,0.8660254037844387,-0.4999999999999998,45.0,28.0,17.0,15.0,8.0
2024-04-13,61.0,51.0,62.0,96.0,84.0,82.0,83.0,92.0,125.0,97.0,87.0,122.0,78.57142857142857,90.21428571428571,0.8660254037844387,-0.4999999999999998,25.0,22.0,14.0,74.0,8.0
2024-04-14,55.0,61.0,51.0,62.0,96.0,84.0,82.0,83.0,92.0,77.0,94.0,83.0,74.14285714285714,88.35714285714286,0.8660254037844387,-0.4999999999999998,35.0,24.0,23.0,62.0,16.0
2024-04-15,54.0,55.0,61.0,51.0,62.0,96.0,84.0,82.0,83.0,125.0,113.0,69.0,70.14285714285714,85.57142857142857,0.8660254037844387,-0.4999999999999998,28.0,22.0,15.0,79.0,8.0
2024-04-16,64.0,54.0,55.0,61.0,51.0,62.0,96.0,84.0,82.0,92.0,120.0,93.0,66.14285714285714,81.35714285714286,0.8660254037844387,-0.4999999999999998,30.0,23.0,20.0,62.0,14.0
2024-04-17,71.0,64.0,54.0,55.0,61.0,51.0,62.0,96.0,84.0,83.0,97.0,92.0,63.285714285714285,77.35714285714286,0.8660254037844387,-0.4999999999999998,43.0,28.0,16.0,11.0,6.0
2024-04-18,70.0,71.0,64.0,54.0,55.0,61.0,51.0,62.0,96.0,82.0,77.0,128.0,59.714285714285715,75.5,0.8660254037844387,-0.4999999999999998,41.0,23.0,18.0,77.0,14.0
2024-04-19,64.0,70.0,71.0,64.0,54.0,55.0,61.0,51.0,62.0,84.0,125.0,104.0,60.857142857142854,75.0,0.8660254037844387,-0.4999999999999998,52.0,55.0,13.0,23.0,27.0
2024-04-20,95.0,64.0,70.0,71.0,64.0,54.0,55.0,61.0,51.0,96.0,92.0,87.0,62.714285714285715,70.64285714285714,0.8660254037844387,-0.4999999999999998,51.0,55.0,8.0,20.0,21.0
2024-04-21,76.0,95.0,64.0,70.0,71.0,64.0,54.0,55.0,61.0,62.0,83.0,94.0,67.57142857142857,70.85714285714286,0.8660254037844387,-0.4999999999999998,69.0,29.0,22.0,9.0,7.0
2024-04-22,85.0,76.0,95.0,64.0,70.0,71.0,64.0,54.0,55.0,51.0,82.0,113.0,70.57142857142857,70.35714285714286,0.8660254037844387,-0.4999999999999998,58.0,28.0,18.0,10.0,6.0
2024-04-23,84.0,85.0,76.0,95.0,64.0,70.0,71.0,64.0,54.0,61.0,84.0,120.0,75.0,70.57142857142857,0.8660254037844387,-0.4999999999999998,56.0,24.0,26.0,56.0,22.0
2024-04-24,78.0,84.0,85.0,76.0,95.0,64.0,70.0,71.0,64.0,55.0,96.0,97.0,77.85714285714286,70.57142857142857,0.8660254037844387,-0.4999999999999998,63.0,29.0,23.0,11.0,6.0
2024-04-25,75.0,78.0,84.0,85.0,76.0,95.0,64.0,70.0,71.0,54.0,62.0,77.0,78.85714285714286,69.28571428571429,0.8660254037844387,-0.4999999999999998,52.0,25.0,21.0,70.0,20.0
2024-04-26,71.0,75.0,78.0,84.0,85.0,76.0,95.0,64.0,70.0,64.0,51.0,125.0,79.57142857142857,70.21428571428571,0.8660254037844387,-0.4999999999999998,49.0,23.0,22.0,83.0,22.0
2024-04-27,80.0,71.0,75.0,78.0,84.0,85.0,76.0,95.0,64.0,71.0,61.0,92.0,80.57142857142857,71.64285714285714,0.8660254037844387,-0.4999999999999998,56.0,29.0,12.0,13.0,6.0
2024-04-28,80.0,80.0,71.0,75.0,78.0,84.0,85.0,76.0,95.0,70.0,55.0,83.0,78.42857142857143,73.0,0.8660254037844387,-0.4999999999999998,62.0,29.0,18.0,10.0,3.0
2024-04-29,81.0,80.0,80.0,71.0,75.0,78.0,84.0,85.0,76.0,64.0,54.0,82.0,79.0,74.78571428571429,0.8660254037844387,-0.4999999999999998,60.0,29.0,24.0,14.0,3.0
2024-04-30,91.0,81.0,80.0,80.0,71.0,75.0,78.0,84.0,85.0,95.0,64.0,84.0,78.42857142857143,76.71428571428571,0.8660254037844387,-0.4999999999999998,60.0,29.0,13.0,18.0,5.0
2024-05-01,66.0,91.0,81.0,80.0,80.0,71.0,75.0,78.0,84.0,76.0,71.0,96.0,79.42857142857143,78.64285714285714,0.49999999999999994,-0.8660254037844387,70.0,29.0,16.0,18.0,6.0
2024-05-02,81.0,66.0,91.0,81.0,80.0,80.0,71.0,75.0,78.0,85.0,70.0,62.0,77.71428571428571,78.28571428571429,0.49999999999999994,-0.8660254037844387,51.0,55.0,6.0,24.0,13.0
2024-05-03,95.0,81.0,66.0,91.0,81.0,80.0,80.0,71.0,75.0,84.0,64.0,51.0,78.57142857142857,79.07142857142857,0.49999999999999994,-0.8660254037844387,53.0,23.0,17.0,62.0,13.0
2024-05-04,97.0,95.0,81.0,66.0,91.0,81.0,80.0,80.0,71.0,78.0,95.0,61.0,82.0,81.28571428571429,0.49999999999999994,-0.8660254037844387,58.0,24.0,18.0,75.0,17.0
2024-05-05,107.0,97.0,95.0,81.0,66.0,91.0,81.0,80.0,80.0,75.0,76.0,55.0,84.42857142857143,81.42857142857143,0.49999999999999994,-0.8660254037844387,62.0,26.0,22.0,57.0,27.0
2024-05-06,97.0,107.0,97.0,95.0,81.0,66.0,91.0,81.0,80.0,71.0,85.0,54.0,88.28571428571429,83.64285714285714,0.49999999999999994,-0.8660254037844387,79.0,30.0,32.0,15.0,13.0
2024-05-07,111.0,97.0,107.0,97.0,95.0,81.0,66.0,91.0,81.0,80.0,84.0,64.0,90.57142857142857,84.5,0.49999999999999994,-0.8660254037844387,71.0,30.0,19.0,17.0,10.0
2024-05-08,107.0,111.0,97.0,107.0,97.0,95.0,81.0,66.0,91.0,80.0,78.0,71.0,93.42857142857143,86.42857142857143,0.49999999999999994,-0.8660254037844387,68.0,28.0,21.0,54.0,26.0
2024-05-09,111.0,107.0,111.0,97.0,107.0,97.0,95.0,81.0,66.0,81.0,75.0,70.0,99.28571428571429,88.5,0.49999999999999994,-0.8660254037844387,65.0,28.0,20.0,58.0,23.0
2024-05-10,103.0,111.0,107.0,111.0,97.0,107.0,97.0,95.0,81.0,91.0,71.0,64.0,103.57142857142857,91.07142857142857,0.49999999999999994,-0.8660254037844387,85.0,30.0,18.0,13.0,13.0
2024-05-11,92.0,103.0,111.0,107.0,111.0,97.0,107.0,97.0,95.0,66.0,80.0,95.0,104.71428571428571,93.35714285714286,0.49999999999999994,-0.8660254037844387,68.0,55.0,8.0,23.0,13.0
2024-05-12,89.0,92.0,103.0,111.0,107.0,111.0,97.0,107.0,97.0,81.0,80.0,76.0,104.0,94.21428571428571,0.49999999999999994,-0.8660254037844387,64.0,54.0,7.0,24.0,16.0
2024-05-13,82.0,89.0,92.0,103.0,111.0,107.0,111.0,97.0,107.0,95.0,81.0,85.0,101.42857142857143,94.85714285714286,0.49999999999999994,-0.8660254037844387,65.0,54.0,8.0,21.0,16.0
2024-05-14,101.0,82.0,89.0,92.0,103.0,111.0,107.0,111.0,97.0,97.0,91.0,84.0,99.28571428571429,94.92857142857143,0.49999999999999994,-0.8660254037844387,62.0,30.0,15.0,14.0,6.0
2024-05-15,98.0,101.0,82.0,89.0,92.0,103.0,111.0,107.0,111.0,107.0,66.0,78.0,97.85714285714286,95.64285714285714,0.49999999999999994,-0.8660254037844387,60.0,25.0,23.0,61.0,22.0
2024-05-16,115.0,98.0,101.0,82.0,89.0,92.0,103.0,111.0,107.0,97.0,81.0,75.0,96.57142857142857,97.92857142857143,0.49999999999999994,-0.8660254037844387,75.0,30.0,12.0,12.0,8.0
2024-05-17,102.0,115.0,98.0,101.0,82.0,89.0,92.0,103.0,111.0,111.0,95.0,71.0,97.14285714285714,100.35714285714286,0.49999999999999994,-0.8660254037844387,77.0,56.0,8.0,20.0,12.0
2024-05-18,110.0,102.0,115.0,98.0,101.0,82.0,89.0,92.0,103.0,107.0,97.0,80.0,97.0,100.85714285714286,0.49999999999999994,-0.8660254037844387,72.0,56.0,12.0,20.0,20.0
2024-05-19,95.0,110.0,102.0,115.0,98.0,101.0,82.0,89.0,92.0,111.0,107.0,80.0,99.57142857142857,101.78571428571429,0.49999999999999994,-0.8660254037844387,75.0,56.0,17.0,21.0,29.0
2024-05-20,110.0,95.0,110.0,102.0,115.0,98.0,101.0,82.0,89.0,103.0,97.0,81.0,100.42857142857143,100.92857142857143,0.49999999999999994,-0.8660254037844387,67.0,56.0,14.0,22.0,19.0
2024-05-21,107.0,110.0,95.0,110.0,102.0,115.0,98.0,101.0,82.0,92.0,111.0,91.0,104.42857142857143,101.85714285714286,0.49999999999999994,-0.8660254037844387,83.0,31.0,18.0,20.0,10.0
2024-05-22,108.0,107.0,110.0,95.0,110.0,102.0,115.0,98.0,101.0,89.0,107.0,66.0,105.28571428571429,101.57142857142857,0.49999999999999994,-0.8660254037844387,83.0,31.0,17.0,20.0,15.0
2024-05-23,95.0,108.0,107.0,110.0,95.0,110.0,102.0,115.0,98.0,82.0,111.0,81.0,106.71428571428571,101.64285714285714,0.49999999999999994,-0.8660254037844387,68.0,28.0,21.0,66.0,21.0
2024-05-24,95.0,95.0,108.0,107.0,110.0,95.0,110.0,102.0,115.0,101.0,103.0,95.0,103.85714285714286,100.5,0.49999999999999994,-0.8660254037844387,78.0,31.0,15.0,16.0,8.0
2024-05-25,53.0,95.0,95.0,108.0,107.0,110.0,95.0,110.0,102.0,98.0,92.0,97.0,102.85714285714286,99.92857142857143,0.49999999999999994,-0.8660254037844387,82.0,30.0,18.0,10.0,6.0
2024-05-26,94.0,53.0,95.0,95.0,108.0,107.0,110.0,95.0,110.0,115.0,89.0,107.0,94.71428571428571,97.14285714285714,0.49999999999999994,-0.8660254037844387,29.0,25.0,18.0,57.0,17.0
2024-05-27,104.0,94.0,53.0,95.0,95.0,108.0,107.0,110.0,95.0,102.0,82.0,97.0,94.57142857142857,97.5,0.49999999999999994,-0.8660254037844387,62.0,31.0,26.0,57.0,22.0
2024-05-28,110.0,104.0,94.0,53.0,95.0,95.0,108.0,107.0,110.0,110.0,101.0,111.0,93.71428571428571,99.07142857142857,0.49999999999999994,-0.8660254037844387,81.0,31.0,13.0,22.0,9.0
2024-05-29,94.0,110.0,104.0,94.0,53.0,95.0,95.0,108.0,107.0,95.0,98.0,107.0,94.14285714285714,99.71428571428571,0.49999999999999994,-0.8660254037844387,66.0,27.0,26.0,64.0,26.0
2024-05-30,100.0,94.0,110.0,104.0,94.0,53.0,95.0,95.0,108.0,110.0,115.0,111.0,92.14285714285714,99.42857142857143,0.49999999999999994,-0.8660254037844387,77.0,31.0,11.0,18.0,7.0
2024-05-31,111.0,100.0,94.0,110.0,104.0,94.0,53.0,95.0,95.0,107.0,102.0,103.0,92.85714285714286,98.35714285714286,0.49999999999999994,-0.8660254037844387,77.0,31.0,11.0,19.0,10.0
2024-06-01,124.0,111.0,100.0,94.0,110.0,104.0,94.0,53.0,95.0,108.0,110.0,92.0,95.14285714285714,99.0,1.2246467991473532e-16,-1.0,62.0,28.0,21.0,69.0,22.0
2024-06-02,112.0,124.0,111.0,100.0,94.0,110.0,104.0,94.0,53.0,95.0,95.0,89.0,105.28571428571429,100.0,1.2246467991473532e-16,-1.0,70.0,28.0,25.0,67.0,26.0
2024-06-03,66.0,112.0,124.0,111.0,100.0,94.0,110.0,104.0,94.0,95.0,110.0,82.0,107.85714285714286,101.21428571428571,1.2246467991473532e-16,-1.0,66.0,27.0,24.0,70.0,21.0
2024-06-04,106.0,66.0,112.0,124.0,111.0,100.0,94.0,110.0,104.0,53.0,107.0,101.0,102.42857142857143,98.07142857142857,1.2246467991473532e-16,-1.0,43.0,24.0,18.0,76.0,16.0
2024-06-05,128.0,106.0,66.0,112.0,124.0,111.0,100.0,94.0,110.0,94.0,108.0,98.0,101.85714285714286,98.0,1.2246467991473532e-16,-1.0,87.0,31.0,13.0,12.0,8.0
2024-06-06,87.0,128.0,106.0,66.0,112.0,124.0,111.0,100.0,94.0,104.0,95.0,115.0,106.71428571428571,99.42857142857143,1.2246467991473532e-16,-1.0,74.0,25.0,31.0,71.0,31.0
2024-06-07,103.0,87.0,128.0,106.0,66.0,112.0,124.0,111.0,100.0,110.0,95.0,102.0,104.85714285714286,98.85714285714286,1.2246467991473532e-16,-1.0,62.0,56.0,12.0,21.0,18.0
2024-06-08,109.0,103.0,87.0,128.0,106.0,66.0,112.0,124.0,111.0,94.0,53.0,110.0,103.71428571428571,99.42857142857143,1.2246467991473532e-16,-1.0,60.0,27.0,21.0,68.0,22.0
2024-06-09,99.0,109.0,103.0,87.0,128.0,106.0,66.0,112.0,124.0,100.0,94.0,95.0,101.57142857142857,103.42857142857143,1.2246467991473532e-16,-1.0,63.0,30.0,24.0,58.0,22.0
2024-06-10,104.0,99.0,109.0,103.0,87.0,128.0,106.0,66.0,112.0,111.0,104.0,110.0,99.71428571428571,103.78571428571429,1.2246467991473532e-16,-1.0,60.0,28.0,20.0,72.0,19.0
2024-06-11,99.0,104.0,99.0,109.0,103.0,87.0,128.0,106.0,66.0,124.0,110.0,107.0,105.14285714285714,103.78571428571429,1.2246467991473532e-16,-1.0,60.0,28.0,27.0,61.0,25.0
2024-06-12,92.0,99.0,104.0,99.0,109.0,103.0,87.0,128.0,106.0,112.0,94.0,108.0,104.14285714285714,103.0,1.2246467991473532e-16,-1.0,58.0,60.0,11.0,19.0,21.0
2024-06-13,72.0,92.0,99.0,104.0,99.0,109.0,103.0,87.0,128.0,66.0,100.0,95.0,99.0,102.85714285714286,1.2246467991473532e-16,-1.0,56.0,26.0,27.0,66.0,27.0
2024-06-14,80.0,72.0,92.0,99.0,104.0,99.0,109.0,103.0,87.0,106.0,111.0,95.0,96.85714285714286,100.85714285714286,1.2246467991473532e-16,-1.0,61.0,31.0,12.0,4.0,6.0
2024-06-15,77.0,80.0,72.0,92.0,99.0,104.0,99.0,109.0,103.0,128.0,124.0,53.0,93.57142857142857,98.64285714285714,1.2246467991473532e-16,-1.0,53.0,57.0,15.0,10.0,91.0
2024-06-16,74.0,77.0,80.0,72.0,92.0,99.0,104.0,99.0,109.0,87.0,112.0,94.0,89.0,95.28571428571429,1.2246467991473532e-16,-1.0,55.0,56.0,10.0,23.0,25.0
2024-06-17,81.0,74.0,77.0,80.0,72.0,92.0,99.0,104.0,99.0,103.0,66.0,104.0,85.42857142857143,92.57142857142857,1.2246467991473532e-16,-1.0,44.0,28.0,23.0,63.0,23.0
2024-06-18,141.0,81.0,74.0,77.0,80.0,72.0,92.0,99.0,104.0,109.0,106.0,110.0,82.14285714285714,93.64285714285714,1.2246467991473532e-16,-1.0,53.0,57.0,10.0,15.0,34.0
2024-06-19,112.0,141.0,81.0,74.0,77.0,80.0,72.0,92.0,99.0,99.0,128.0,94.0,88.14285714285714,96.14285714285714,1.2246467991473532e-16,-1.0,92.0,56.0,26.0,11.0,78.0
2024-06-20,94.0,112.0,141.0,81.0,74.0,77.0,80.0,72.0,92.0,104.0,87.0,100.0,91.0,95.0,1.2246467991473532e-16,-1.0,67.0,30.0,29.0,48.0,22.0
2024-06-21,110.0,94.0,112.0,141.0,81.0,74.0,77.0,80.0,72.0,99.0,103.0,111.0,94.14285714285714,95.5,1.2246467991473532e-16,-1.0,67.0,57.0,11.0,22.0,17.0
2024-06-22,105.0,110.0,94.0,112.0,141.0,81.0,74.0,77.0,80.0,92.0,109.0,124.0,98.42857142857143,96.0,1.2246467991473532e-16,-1.0,64.0,34.0,23.0,38.0,24.0
2024-06-23,104.0,105.0,110.0,94.0,112.0,141.0,81.0,74.0,77.0,72.0,99.0,112.0,102.42857142857143,95.71428571428571,1.2246467991473532e-16,-1.0,63.0,32.0,22.0,51.0,19.0
2024-06-24,103.0,104.0,105.0,110.0,94.0,112.0,141.0,81.0,74.0,80.0,104.0,66.0,106.71428571428571,96.07142857142857,1.2246467991473532e-16,-1.0,83.0,59.0,13.0,20.0,23.0
2024-06-25,98.0,103.0,104.0,105.0,110.0,94.0,112.0,141.0,81.0,77.0,99.0,106.0,109.85714285714286,96.0,1.2246467991473532e-16,-1.0,60.0,33.0,22.0,39.0,20.0
2024-06-26,84.0,98.0,103.0,104.0,105.0,110.0,94.0,112.0,141.0,74.0,92.0,128.0,103.71428571428571,95.92857142857143,1.2246467991473532e-16,-1.0,62.0,57.0,12.0,13.0,43.0
2024-06-27,96.0,84.0,98.0,103.0,104.0,105.0,110.0,94.0,112.0,81.0,72.0,87.0,99.71428571428571,95.35714285714286,1.2246467991473532e-16,-1.0,55.0,31.0,29.0,29.0,13.0
2024-06-28,75.0,96.0,84.0,98.0,103.0,104.0,105.0,110.0,94.0,141.0,80.0,103.0,100.0,97.07142857142857,1.2246467991473532e-16,-1.0,74.0,57.0,10.0,16.0,23.0
2024-06-29,87.0,75.0,96.0,84.0,98.0,103.0,104.0,105.0,110.0,112.0,77.0,109.0,95.0,96.71428571428571,1.2246467991473532e-16,-1.0,59.0,57.0,10.0,14.0,21.0
2024-06-30,68.0,87.0,75.0,96.0,84.0,98.0,103.0,104.0,105.0,94.0,74.0,99.0,92.42857142857143,97.42857142857143,1.2246467991473532e-16,-1.0,55.0,30.0,30.0,46.0,14.0
2024-07-01,98.0,68.0,87.0,75.0,96.0,84.0,98.0,103.0,104.0,110.0,81.0,104.0,87.28571428571429,97.0,-0.4999999999999997,-0.8660254037844388,55.0,58.0,17.0,14.0,42.0
2024-07-02,74.0,98.0,68.0,87.0,75.0,96.0,84.0,98.0,103.0,105.0,141.0,99.0,86.57142857142857,98.21428571428571,-0.4999999999999997,-0.8660254037844388,73.0,40.0,30.0,18.0,14.0
2024-07-03,121.0,74.0,98.0,68.0,87.0,75.0,96.0,84.0,98.0,104.0,112.0,92.0,83.14285714285714,93.42857142857143,-0.4999999999999997,-0.8660254037844388,55.0,9.0,26.0,25.0,38.0
2024-07-04,84.0,121.0,74.0,98.0,68.0,87.0,75.0,96.0,84.0,103.0,94.0,72.0,88.42857142857143,94.07142857142857,-0.4999999999999997,-0.8660254037844388,48.25,31.0,33.0,43.0,25.0
2024-07-05,78.0,84.0,121.0,74.0,98.0,68.0,87.0,75.0,96.0,98.0,110.0,80.0,86.71428571428571,93.35714285714286,-0.4999999999999997,-0.8660254037844388,41.5,30.0,29.0,33.0,25.0
2024-07-06,50.0,78.0,84.0,121.0,74.0,98.0,68.0,87.0,75.0,84.0,105.0,77.0,87.14285714285714,91.07142857142857,-0.4999999999999997,-0.8660254037844388,34.75,38.0,24.0,23.0,27.0
2024-07-07,32.0,50.0,78.0,84.0,121.0,74.0,98.0,68.0,87.0,96.0,104.0,74.0,81.85714285714286,87.14285714285714,-0.4999999999999997,-0.8660254037844388,28.0,57.0,8.0,6.0,61.0
2024-07-08,60.0,32.0,50.0,78.0,84.0,121.0,74.0,98.0,68.0,75.0,103.0,81.0,76.71428571428571,82.0,-0.4999999999999997,-0.8660254037844388,22.0,57.0,11.0,8.0,85.0
2024-07-09,66.0,60.0,32.0,50.0,78.0,84.0,121.0,74.0,98.0,87.0,98.0,141.0,71.28571428571429,78.92857142857143,-0.4999999999999997,-0.8660254037844388,36.0,58.0,11.0,11.0,66.0
2024-07-10,79.0,66.0,60.0,32.0,50.0,78.0,84.0,121.0,74.0,68.0,84.0,112.0,70.14285714285714,76.64285714285714,-0.4999999999999997,-0.8660254037844388,43.0,8.0,31.0,28.0,49.0
2024-07-11,117.0,79.0,66.0,60.0,32.0,50.0,78.0,84.0,121.0,98.0,96.0,94.0,64.14285714285714,76.28571428571429,-0.4999999999999997,-0.8660254037844388,62.0,57.0,10.0,22.0,25.0
2024-07-12,98.0,117.0,79.0,66.0,60.0,32.0,50.0,78.0,84.0,74.0,75.0,110.0,68.85714285714286,77.78571428571429,-0.4999999999999997,-0.8660254037844388,66.0,33.0,27.0,25.0,23.0
2024-07-13,112.0,98.0,117.0,79.0,66.0,60.0,32.0,50.0,78.0,121.0,87.0,105.0,71.71428571428571,79.42857142857143,-0.4999999999999997,-0.8660254037844388,70.0,57.0,12.0,29.0,31.0
2024-07-14,104.0,112.0,98.0,117.0,79.0,66.0,60.0,32.0,50.0,84.0,68.0,104.0,80.57142857142857,81.21428571428571,-0.4999999999999997,-0.8660254037844388,65.0,34.0,29.0,25.0,32.0
2024-07-15,96.0,104.0,112.0,98.0,117.0,79.0,66.0,60.0,32.0,78.0,98.0,103.0,90.85714285714286,83.78571428571429,-0.4999999999999997,-0.8660254037844388,59.0,33.0,25.0,27.0,23.0
2024-07-16,99.0,96.0,104.0,112.0,98.0,117.0,79.0,66.0,60.0,50.0,74.0,98.0,96.0,83.64285714285714,-0.4999999999999997,-0.8660254037844388,66.0,57.0,15.0,33.0,32.0
2024-07-17,99.0,99.0,96.0,104.0,112.0,98.0,117.0,79.0,66.0,32.0,121.0,84.0,100.71428571428571,85.42857142857143,-0.4999999999999997,-0.8660254037844388,53.0,34.0,24.0,37.0,24.0
2024-07-18,95.0,99.0,99.0,96.0,104.0,112.0,98.0,117.0,79.0,60.0,84.0,96.0,103.57142857142857,83.85714285714286,-0.4999999999999997,-0.8660254037844388,57.0,35.0,25.0,27.0,25.0
2024-07-19,93.0,95.0,99.0,99.0,96.0,104.0,112.0,98.0,117.0,66.0,78.0,75.0,100.42857142857143,84.64285714285714,-0.4999999999999997,-0.8660254037844388,71.0,58.0,11.0,30.0,17.0
2024-07-20,91.0,93.0,95.0,99.0,99.0,96.0,104.0,112.0,98.0,79.0,50.0,87.0,99.71428571428571,85.71428571428571,-0.4999999999999997,-0.8660254037844388,47.0,34.0,20.0,53.0,15.0
2024-07-21,89.0,91.0,93.0,95.0,99.0,99.0,96.0,104.0,112.0,117.0,32.0,68.0,96.71428571428571,88.64285714285714,-0.4999999999999997,-0.8660254037844388,51.0,35.0,19.0,54.0,17.0
2024-07-22,82.0,89.0,91.0,93.0,95.0,99.0,99.0,96.0,104.0,98.0,60.0,98.0,94.57142857142857,92.71428571428571,-0.4999999999999997,-0.8660254037844388,63.0,57.0,11.0,30.0,16.0
2024-07-23,92.0,82.0,89.0,91.0,93.0,95.0,99.0,99.0,96.0,112.0,66.0,74.0,92.57142857142857,94.28571428571429,-0.4999999999999997,-0.8660254037844388,39.0,32.0,18.0,61.0,13.0
2024-07-24,115.0,92.0,82.0,89.0,91.0,93.0,95.0,99.0,99.0,104.0,79.0,121.0,91.57142857142857,96.14285714285714,-0.4999999999999997,-0.8660254037844388,63.0,16.0,25.0,33.0,41.0
2024-07-25,92.0,115.0,92.0,82.0,89.0,91.0,93.0,95.0,99.0,96.0,117.0,84.0,93.85714285714286,98.71428571428571,-0.4999999999999997,-0.8660254037844388,80.0,59.0,12.0,30.0,37.0
2024-07-26,93.0,92.0,115.0,92.0,82.0,89.0,91.0,93.0,95.0,99.0,98.0,78.0,93.42857142857143,96.92857142857143,-0.4999999999999997,-0.8660254037844388,70.0,57.0,11.0,36.0,28.0
2024-07-27,100.0,93.0,92.0,115.0,92.0,82.0,89.0,91.0,93.0,99.0,112.0,50.0,93.42857142857143,96.57142857142857,-0.4999999999999997,-0.8660254037844388,64.0,58.0,11.0,28.0,25.0
2024-07-28,104.0,100.0,93.0,92.0,115.0,92.0,82.0,89.0,91.0,95.0,104.0,32.0,94.71428571428571,95.71428571428571,-0.4999999999999997,-0.8660254037844388,70.0,58.0,10.0,28.0,22.0
2024-07-29,97.0,104.0,100.0,93.0,92.0,115.0,92.0,82.0,89.0,93.0,96.0,60.0,96.85714285714286,95.71428571428571,-0.4999999999999997,-0.8660254037844388,72.0,58.0,10.0,33.0,17.0
2024-07-30,106.0,97.0,104.0,100.0,93.0,92.0,115.0,92.0,82.0,91.0,99.0,66.0,99.0,95.78571428571429,-0.4999999999999997,-0.8660254037844388,83.0,52.0,20.0,31.0,17.0
2024-07-31,113.0,106.0,97.0,104.0,100.0,93.0,92.0,115.0,92.0,89.0,99.0,79.0,101.0,96.28571428571429,-0.4999999999999997,-0.8660254037844388,75.0,58.0,11.0,27.0,27.0
2024-08-01,107.0,113.0,106.0,97.0,104.0,100.0,93.0,92.0,115.0,82.0,95.0,117.0,100.71428571428571,97.28571428571429,-0.8660254037844384,-0.5000000000000004,96.0,52.0,28.0,28.0,20.0
2024-08-02,90.0,107.0,113.0,106.0,97.0,104.0,100.0,93.0,92.0,92.0,93.0,98.0,102.85714285714286,98.14285714285714,-0.8660254037844384,-0.5000000000000004,57.0,32.0,20.0,55.0,15.0
